Serial Number,Variant,Software Version
1405A227561402,DichotFDMS,1.71

Date,Time,tmoAmbientRH_0,tmoTEOMAMC1Hr_0,tmoTEOMBMC1Hr_0,tmoAmbientTemp_0,tmoDichotMC1Hr_0,tmoTEOMAMC24Hr_0,tmoTEOMBMC24Hr_0,tmoDichotMC24Hr_0,tmoAmbientPressure_0,tmoStatusCondition_0,tmoTEOMAFilterLoad_0,tmoTEOMAFrequency_0,tmoTEOMANoise_0,tmoTEOMBFilterLoad_0,tmoTEOMBNoise_0,tmoTEOMBMassRate_0,tmoTEOMADryerTemp_0,tmoTEOMADryerRH_0,tmoTEOMBDryerTemp_0,tmoTEOMBDryerRH_0
2024-07-11,10:00:01,72.651,0,0,13.771,0,0,0,0,0.952,0,33.0824,257.458062,0,13.478,0,0,22.635,25.846,22.475,11.24
2024-07-11,11:00:01,67.349,0,0,15.01,0,0,0,0,0.952,0,33.0824,257.45698,0.044161,13.0696,0.004758,20.0643,22.746,25.643,22.646,11.171
2024-07-11,12:00:00,60.226,-5.57782,22.9495,16.639,17.3717,0,0,0,0.951,0,33.8993,257.457298,0.002266,13.6822,0.002224,22.3962,23.026,25.525,22.887,11.257
2024-07-11,13:00:00,57.897,39.7006,16.9591,17.585,56.6597,0,0,0,0.952,0,33.2866,257.457287,0.003117,13.0696,0.003129,20.9333,23.327,25.478,23.178,11.269
2024-07-11,14:00:01,53.576,19.3137,19.3581,18.74,38.6718,0,0,0,0.952,0,34.1035,257.457118,0.002544,14.0906,0.002219,21.2937,23.558,25.284,23.408,11.317
2024-07-11,15:00:01,52.296,42.9762,19.6138,18.911,62.5901,0,0,0,0.949,0,33.8993,257.457114,0.002135,13.6822,0.001856,23.9162,23.618,25.076,23.479,11.205
2024-07-11,16:00:00,60.738,45.1729,28.6928,16.529,73.8657,0,0,0,0.953,0,34.3077,257.457166,0.041691,13.8865,0.003584,33.2168,23.558,25.249,23.408,11.278
2024-07-11,17:00:01,68.647,20.8011,27.8744,14.295,48.6755,0,0,0,0.951,0,33.695,257.456126,0.003281,13.478,0.002896,29.9605,23.187,25.537,23.077,11.265
2024-07-11,18:00:01,75.951,11.8943,39.5215,13.087,51.4158,0,0,0,0.952,0,33.8993,257.455593,0.002454,13.8864,0.003308,40.719,22.725,26.275,22.636,11.399
2024-07-11,19:00:00,77.688,15.3194,31.4425,12.704,46.7619,0,0,0,0.954,0,33.695,257.454993,0.00294,13.478,0.002526,32.981,22.414,26.426,22.325,11.386
2024-07-11,20:00:00,77.803,13.4325,20.917,12.482,34.3495,0,0,0,0.954,0,33.4908,257.454552,0.004636,13.2738,0.002126,22.2648,22.224,26.445,22.164,10.999
2024-07-11,21:00:01,79.211,10.5205,17.4561,12.069,27.9766,0,0,0,0.952,0,33.4908,257.453739,0.003353,13.2738,0.002788,18.5118,22.123,26.367,22.064,11.261
2024-07-11,22:00:00,78.917,10.0287,15.6997,12.21,25.7284,0,0,0,0.952,0,33.2866,257.454241,0.004525,13.2738,0.002299,16.7059,22.063,26.362,21.994,11.296
2024-07-11,23:00:00,78.916,4.55877,12.8973,12.009,17.4561,0,0,0,0.954,0,33.695,257.454157,0.003226,13.478,0.002777,13.3559,21.993,26.357,21.954,11.295
2024-07-12,00:00:01,79.854,9.80749,9.52762,11.938,19.3351,0,0,0,0.954,0,34.3077,257.453972,0.003237,14.0907,0.003296,10.5105,21.963,26.495,21.914,11.369
2024-07-12,01:00:01,80.109,7.18212,8.91671,11.848,16.0988,0,0,0,0.952,0,34.1035,257.454,0.003188,14.0907,0.002069,9.63684,21.953,26.492,21.903,11.368
2024-07-12,02:00:00,80.307,8.89716,7.78283,11.797,16.68,0,0,0,0.951,0,33.8993,257.453956,0.003237,13.6822,0.003318,8.67428,21.943,26.492,21.883,10.759
2024-07-12,03:00:01,79.134,6.17348,7.59235,11.848,13.7658,0,0,0,0.952,0,33.695,257.453205,0.003132,13.2738,0.002121,8.21134,21.943,26.282,21.873,11.291
2024-07-12,04:00:01,78.432,7.0271,10.2445,11.848,17.2716,0,0,0,0.954,0,34.1035,257.453487,0.002511,13.8865,0.004,10.9494,21.903,26.208,21.853,11.328
2024-07-12,05:00:00,78.225,10.4612,15.0372,11.767,25.4984,0,0,0,0.954,0,34.1035,257.453094,0.003131,14.0907,0.00437,16.0866,21.903,26.173,21.843,10.91
2024-07-12,06:00:00,75.383,15.1549,16.0498,11.868,31.2047,0,0,0,0.955,0,33.8993,257.452612,0.004107,13.8865,0.003048,17.5688,21.923,25.612,21.843,11.214
2024-07-12,07:00:01,74.842,12.1397,11.3964,11.727,23.5361,0,0,0,0.955,0,34.1035,257.452144,0.002681,13.8865,0.003482,12.6129,21.913,25.505,21.873,11.139
2024-07-12,08:00:00,74.059,13.0122,14.6881,12.049,27.7003,0,0,0,0.954,0,33.8993,257.451497,0.003023,13.0696,0.00253,15.9926,21.963,25.439,21.893,11.14
2024-07-12,09:00:00,67.778,16.5308,20.0058,14.003,36.5366,0,0,0,0.955,0,34.1035,257.450911,0.002215,13.478,0.003086,21.6632,22.143,25.489,22.064,11.147
2024-07-12,10:00:01,62.727,23.8536,38.9676,15.895,62.8212,0,0,0,0.955,0,34.5119,257.449951,0.003638,13.6822,0.003265,41.3612,22.685,25.603,22.536,11.242
2024-07-12,11:00:01,58.025,23.4732,36.994,16.83,60.4672,15.9106,19.6077,35.5183,0.954,0,34.1035,257.449255,0.002537,13.478,0.005724,39.3492,23.077,25.387,22.897,11.257
2024-07-12,12:00:00,57.308,12.5358,37.9797,17.323,50.5155,16.6653,20.234,36.8993,0.954,0,34.3077,257.448434,0.003693,14.0907,0.00272,39.2411,23.468,25.277,23.298,10.663
2024-07-15,14:00:00,50.288,0,0,19.142,0,0,0,0,0.944,235012160,135.801,252.649456,0,14.0907,0,0,21.822,16.333,21.733,10.753
2024-07-15,15:24:28,57.776,0,0,17.725,0,0,0,0,0.944,0,23.8929,258.215099,0,10.0064,0,0,22.826,25.508,22.646,10.408
2024-07-15,16:00:01,64.27,0,0,16.257,0,0,0,0,0.945,0,23.4844,258.212706,0,10.2106,0,0,22.746,26.136,22.556,11.472
2024-07-15,17:00:00,70.37,0,0,14.627,0,0,0,0,0.944,0,21.8507,258.211293,0.00844,9.59799,0.004855,19.3651,22.485,26.256,22.355,11.387
2024-07-15,18:00:00,77.771,26.2186,20.1529,12.654,46.3715,0,0,0,0.947,0,22.0549,258.210192,0.022982,9.59799,0.002981,22.7793,22.354,26.316,22.215,10.695
2024-07-15,19:00:01,80.7,12.2217,19.224,12.19,31.4457,0,0,0,0.945,0,22.2591,258.208586,0.011074,10.0064,0.003133,20.4503,22.073,26.643,21.984,11.448
2024-07-15,20:00:01,81.207,20.6264,20.3597,12.1,40.986,0,0,0,0.946,0,21.8507,258.207543,0.003851,9.59799,0.005917,22.4268,21.943,26.632,21.863,11.405
2024-07-15,21:00:00,78.915,33.134,24.3722,11.616,57.5063,0,0,0,0.946,0,22.0549,258.207068,0.003182,9.8022,0.004231,27.6912,21.772,26.057,21.733,10.829
2024-07-15,22:00:01,82.696,24.6164,36.9484,11.535,61.5648,0,0,0,0.945,0,21.6465,258.206052,0.002602,9.39378,0.00545,39.4179,21.712,26.823,21.653,10.978
2024-07-15,23:00:01,83.499,17.026,21.8921,11.455,38.918,0,0,0,0.946,0,22.0549,258.204714,0.004076,9.8022,0.0042,23.5994,21.722,26.754,21.653,11.358
2024-07-16,00:00:00,83.543,15.0644,22.616,11.455,37.6804,0,0,0,0.945,0,22.2591,258.204552,0.00414,9.59799,0.003132,24.1272,21.732,26.825,21.663,10.978
2024-07-16,01:00:00,84.802,15.7046,15.0052,10.88,30.7098,0,0,0,0.945,0,22.2591,258.203939,0.010345,9.39378,0.002948,16.579,21.742,26.686,21.683,10.675
2024-07-16,02:00:01,85.296,45.3482,11.6673,10.779,57.0155,0,0,0,0.944,0,22.2592,258.202982,0.008336,9.59799,0.004085,16.2053,21.702,26.682,21.643,11.434
2024-07-16,03:00:00,85.157,21.9052,16.2495,10.578,38.1547,0,0,0,0.945,0,22.0549,258.202258,0.003879,9.59799,0.006267,18.4437,21.682,26.541,21.632,10.673
2024-07-16,04:00:00,84.382,20.9724,13.1822,10.356,34.1546,0,0,0,0.945,0,22.6676,258.201841,0.002979,10.0064,0.004233,15.2825,21.682,26.4,21.612,10.672
2024-07-16,05:00:01,84.616,18.9953,11.6081,10.416,30.6035,0,0,0,0.946,0,22.2591,258.201234,0.004505,10.4148,0.003243,13.5103,21.662,26.329,21.592,11.356
2024-07-16,06:00:01,84.713,16.233,10.328,10.124,26.561,0,0,0,0.947,0,22.4634,258.200802,0.003121,9.8022,0.002134,11.9537,21.652,26.187,21.592,11.356
2024-07-16,07:00:00,85.095,19.974,26.5292,10.013,46.5032,0,0,0,0.946,0,22.6676,258.200009,0.00267,10.2106,0.003013,28.5323,21.652,26.258,21.592,11.355
2024-07-16,08:00:01,83.041,16.9421,11.249,10.185,28.1911,0,0,0,0.949,0,23.2802,258.199434,0.003377,10.4148,0.004902,12.9458,21.642,25.87,21.572,11.279
2024-07-16,09:00:01,76.582,22.7458,20.3575,12.271,43.1032,0,0,0,0.948,0,22.8718,258.198367,0.003792,10.2106,0.004077,22.6366,21.692,25.839,21.612,11.128
2024-07-16,10:00:00,65.496,26.854,34.8714,14.496,61.7254,0,0,0,0.946,0,23.2802,258.198025,0.00289,10.4148,0.003043,37.5643,22.394,25.403,22.235,11.306
2024-07-16,11:00:00,58.051,28.5499,37.9007,16.981,66.4507,0,0,0,0.947,0,23.2802,258.197188,0.003467,10.2106,0.002754,40.7639,22.796,25.365,22.576,11.32
2024-07-16,12:00:01,49.268,31.2075,72.1803,19.635,103.388,0,0,0,0.945,0,22.6676,258.196325,0.003886,10.2106,0.00304,75.3161,22.615,25.527,22.385,11.388
2024-07-16,13:00:00,49.399,25.7099,34.4418,19.906,60.1516,0,0,0,0.944,0,23.6886,258.196064,0.003548,10.4148,0.00465,37.0202,22.434,25.829,22.195,11.381
2024-07-16,14:00:00,48.286,11.5494,23.1011,20.036,34.6505,0,0,0,0.945,0,23.8929,258.195727,0.003438,10.2106,0.00286,24.2609,22.314,25.925,22.094,11.377
2024-07-16,15:00:01,61.433,19.1572,31.3034,16.981,50.4606,0,0,0,0.945,0,23.2802,258.195339,0.003854,10.8233,0.003494,33.2258,22.304,26.592,22.064,11.527
2024-07-16,16:00:01,60.763,24.6362,49.2546,16.981,73.8908,0,0,0,0.945,0,24.0971,258.194298,0.023135,10.8233,0.002996,51.7285,22.264,26.519,22.054,11.603
2024-07-16,17:00:00,67.813,22.4967,24.9143,14.949,47.411,22.412,25.4045,47.8166,0.944,0,24.0971,258.193631,0.008379,10.4148,0.00319,27.1694,22.153,26.579,21.954,11.523
2024-07-16,18:00:00,75.683,16.9106,29.2037,12.865,46.1143,22.0242,25.7816,47.8058,0.945,0,23.8929,258.192856,0.002835,10.8233,0.002922,30.9009,21.953,26.632,21.753,11.514
2024-07-16,19:00:01,81.551,13.2281,16.3892,11.566,29.6173,22.0661,25.6635,47.7297,0.946,0,23.6886,258.192049,0.003975,10.0064,0.003165,17.7156,21.692,26.892,21.512,11.656
2024-07-16,20:00:00,81.798,15.9558,16.2469,11.646,32.2027,21.8715,25.4922,47.3637,0.944,0,23.4844,258.191541,0.003215,10.4148,0.003268,17.846,21.782,26.829,21.602,11.546
2024-07-16,21:00:01,82.18,18.5317,18.0817,11.817,36.6134,21.2631,25.2301,46.4932,0.947,0,24.3013,258.190746,0.002974,10.619,0.001963,19.9388,21.842,26.904,21.683,11.131
2024-07-16,22:00:01,81.143,30.0683,16.873,11.848,46.9413,21.4903,24.3936,45.8838,0.947,0,24.3013,258.190167,0.004948,10.619,0.003485,19.8838,21.862,26.835,21.673,11.549
2024-07-16,23:00:00,81.873,23.2016,21.5582,11.223,44.7598,21.7476,24.3797,46.1272,0.945,0,24.0971,258.189608,0.003513,10.619,0.002376,23.8832,21.832,26.483,21.653,11.51
2024-07-17,00:00:00,83.215,22.6683,17.3293,11.041,39.9976,22.0644,24.1594,46.2238,0.944,0,24.3013,258.188982,0.00317,10.619,0.002482,19.6,21.762,26.512,21.592,11.128
2024-07-17,01:00:01,83.856,24.0395,15.7454,11.122,39.7849,22.4117,24.1902,46.6019,0.944,0,24.0971,258.188439,0.003772,10.4148,0.003361,18.153,21.752,26.827,21.562,11.544
2024-07-17,02:00:01,85.712,18.3439,10.0723,10.638,28.4162,21.2865,24.1238,45.4103,0.945,0,24.7097,258.187948,0.005605,10.8233,0.002415,11.909,21.742,26.861,21.552,11.582
2024-07-17,03:00:00,85.691,19.7086,9.90003,10.618,29.6086,21.195,23.8592,45.0542,0.945,0,24.7097,258.187532,0.002578,10.619,0.002859,11.8733,21.732,26.755,21.552,11.506
2024-07-17,04:00:01,85.817,18.8785,11.0529,10.467,29.9314,21.1077,23.7705,44.8782,0.944,0,24.3013,258.187224,0.003527,10.619,0.002241,12.9434,21.712,26.683,21.532,11.125
2024-07-17,05:00:01,85.549,16.1509,6.16878,10.265,22.3197,20.9892,23.5439,44.5331,0.946,0,25.1181,258.186794,0.002845,11.0275,0.004129,7.78543,21.702,26.472,21.532,11.505
2024-07-17,06:00:00,84.917,17.8565,5.9531,9.993,23.8096,21.0569,23.3616,44.4184,0.946,0,24.7097,258.186301,0.003894,10.4148,0.002639,7.7403,21.682,26.19,21.502,10.744
2024-07-17,07:00:00,84.638,18.0796,7.68702,9.67,25.7666,20.9779,22.5765,43.5544,0.946,0,24.9139,258.18569,0.004949,11.0275,0.003375,9.49688,21.682,25.979,21.482,11.351
2024-07-17,08:00:01,80.794,18.3955,11.4349,10.618,29.8304,21.0385,22.5842,43.6227,0.947,0,24.3013,258.185138,0.002568,10.8233,0.002259,13.2771,21.672,25.803,21.512,11.352
2024-07-17,09:00:00,75.333,19.4668,37.0504,12.503,56.5173,20.9019,23.2798,44.1816,0.947,0,24.7097,258.184359,0.003946,11.0275,0.005198,39.0049,21.792,25.918,21.592,11.393
2024-07-17,10:00:00,66.973,23.1951,26.9599,14.446,50.155,20.7494,22.9501,43.6995,0.945,0,24.9139,258.183655,0.005028,10.619,0.002263,29.2852,22.123,25.945,21.893,11.064
2024-07-17,11:00:01,65.373,18.2329,33.5108,15.382,51.7437,20.3195,22.7672,43.0868,0.947,0,25.1181,258.183184,0.003909,10.8233,0.004101,35.3411,22.625,26.056,22.395,11.008
2024-07-17,12:00:00,61.491,18.0293,29.0214,16.84,47.0507,19.7705,20.9689,40.7394,0.946,0,24.7097,258.183476,0.041255,10.4148,0.003516,30.8305,23.037,25.949,22.787,10.795
2024-07-17,13:00:00,58.909,68.4601,16.7597,17.504,85.2199,21.5517,20.2322,41.7839,0.944,0,24.9139,258.182338,0.009608,10.8233,0.002891,23.6105,23.337,25.762,23.108,11.571
2024-07-17,14:00:01,55.821,-25.6769,24.4919,18.107,-1.18507,20.0006,20.2901,40.2907,0.946,0,25.3223,258.182056,0.015857,11.6401,0.002857,21.9286,23.488,25.491,23.278,11.426
2024-07-17,15:00:01,56.364,-30.9482,26.7413,18.057,-4.20691,17.9129,20.1,38.0129,0.945,0,25.7308,258.181672,0.00457,10.8233,0.003451,23.6512,23.628,25.573,23.358,11.429
2024-07-17,16:00:00,58.949,16.3205,22.6701,17.404,38.9906,17.5664,18.9923,36.5588,0.944,0,25.5266,258.180877,0.004062,11.4359,0.002104,24.307,23.468,25.772,23.218,11.575
2024-07-17,17:00:00,71.287,20.1464,26.1939,14.245,46.3404,17.4685,19.0457,36.5141,0.945,0,25.5266,258.179906,0.004545,11.2317,0.003934,28.2142,23.057,26.304,22.807,11.292
2024-07-17,18:00:01,78.236,12.758,17.6267,12.613,30.3847,17.2955,18.5633,35.8587,0.948,0,26.1392,258.179275,0.003518,11.4359,0.002813,18.9063,22.515,26.54,22.295,11.613
2024-07-17,19:00:00,78.538,9.89432,15.2942,12.503,25.1885,17.1565,18.5177,35.6742,0.949,0,25.3223,258.178831,0.003024,10.619,0.003935,16.2869,22.204,26.759,21.994,11.676
2024-07-17,20:00:00,80.118,12.3987,16.4429,11.979,28.8416,17.0083,18.5258,35.5342,0.946,0,25.7308,258.178456,0.005612,11.2317,0.00238,17.6863,22.073,26.713,21.853,11.671
2024-07-17,21:00:01,79.851,11.4783,15.1836,11.928,26.6619,16.7144,18.4051,35.1195,0.945,0,26.1392,258.177612,0.003083,11.2317,0.002325,16.3347,21.973,26.705,21.783,11.439
2024-07-17,22:00:00,79.861,9.41603,13.896,11.969,23.312,15.8539,18.281,34.135,0.947,0,25.7308,258.178417,0.004139,11.0275,0.003281,14.8405,21.943,26.702,21.733,10.829
2024-07-17,23:00:00,79.25,13.5949,13.735,12.039,27.3299,15.4537,17.9551,33.4087,0.945,0,25.3223,258.177431,0.003574,11.2317,0.002251,15.0975,21.882,26.697,21.703,11.588
2024-07-18,00:00:01,79.241,15.6075,17.2154,11.999,32.823,15.1595,17.9503,33.1098,0.949,0,26.3434,258.17696,0.004604,11.4359,0.002567,18.78,21.872,26.627,21.673,11.587
2024-07-18,01:00:01,79.326,13.7342,16.517,11.868,30.2512,14.7301,17.9825,32.7125,0.946,0,25.7308,258.176597,0.003954,11.2317,0.003495,17.894,21.852,26.555,21.663,11.586
2024-07-18,02:00:00,79.715,13.719,14.5513,11.747,28.2704,14.5374,18.1691,32.7065,0.947,0,25.935,258.17642,0.003644,11.2317,0.002179,15.9264,21.852,26.555,21.653,11.51
2024-07-18,03:00:00,80.159,14.5837,14.6595,11.485,29.2432,14.3238,18.3674,32.6912,0.947,0,25.7308,258.175971,0.002591,11.2317,0.002291,16.1211,21.802,26.48,21.612,10.824
2024-07-18,04:00:01,81.143,11.3588,10.7406,11.112,22.0993,14.0105,18.3544,32.3649,0.946,0,26.1392,258.17564,0.00389,11.4359,0.003517,11.8788,21.792,26.41,21.592,11.507
2024-07-18,05:00:01,81.283,15.4153,14.1477,10.759,29.563,13.9799,18.6868,32.6667,0.946,0,25.935,258.17524,0.003407,11.2317,0.003387,15.6924,21.762,26.196,21.572,11.507
2024-07-18,06:00:00,84.695,22.365,13.1762,9.146,35.5412,14.1677,18.9878,33.1555,0.945,0,25.5266,258.174576,0.002833,11.0275,0.00341,15.4158,21.722,25.631,21.532,11.277
2024-07-18,07:00:01,77.168,29.5456,24.65,11.293,54.1956,14.6455,19.6946,34.3401,0.947,0,25.935,258.173673,0.002342,11.6401,0.003034,27.6101,21.662,25.555,21.452,11.274
2024-07-18,08:00:01,72.108,37.9774,63.5098,13.117,101.487,15.4614,21.8644,37.3258,0.945,0,26.3434,258.172241,0.005205,11.4359,0.003351,67.321,21.862,26.275,21.612,10.748
2024-07-18,09:00:00,66.263,25.2623,32.963,15.01,58.2253,15.7028,21.6941,37.3969,0.948,0,26.3434,258.171276,0.003127,11.0275,0.003705,35.4963,22.184,26.091,21.914,10.761
2024-07-18,10:00:00,57.91,32.4509,46.601,17.162,79.0519,16.0885,22.5125,38.601,0.949,0,27.3645,258.170145,0.003993,11.6401,0.003794,49.8561,22.746,25.643,22.475,11.468
2024-07-18,11:00:01,57.52,27.4227,37.6096,17.223,65.0323,16.4714,22.6832,39.1547,0.945,0,26.3434,258.169577,0.005237,11.4359,0.004818,40.36,23.197,25.467,22.937,11.449
2024-07-18,12:00:01,47.393,25.9545,31.4011,20.257,57.3556,16.8016,22.7824,39.584,0.946,0,26.956,258.168879,0.005825,11.4359,0.002319,34.0034,23.588,24.968,23.318,11.427
2024-07-18,13:00:00,44.664,22.8346,39.1397,21.03,61.9743,14.9006,23.7149,38.6155,0.946,0,27.1602,258.168162,0.00624,11.6401,0.004049,41.4315,23.939,24.819,23.689,10.984
2024-07-18,14:00:01,49.468,22.875,35.0449,20.157,57.9198,16.9236,24.1546,41.0782,0.947,0,27.3645,258.167872,0.005079,11.8443,0.002798,37.3398,24.06,25.324,23.79,11.18
2024-07-18,15:00:00,57.186,28.3166,31.1627,18.318,59.4793,19.3929,24.3388,43.7318,0.946,0,27.3645,258.167563,0.015246,12.2527,0.003132,34.0012,23.969,25.811,23.689,11.672
2024-07-18,16:00:00,58.755,24.8172,21.0351,17.926,45.8523,19.747,24.2707,44.0177,0.945,0,26.956,258.167129,0.005983,12.0485,0.003258,23.5215,23.669,26.142,23.408,11.355
2024-07-18,17:00:01,67.344,18.8877,24.0206,15.513,42.9083,19.6945,24.1802,43.8747,0.945,0,27.9771,258.166326,0.013729,12.6612,0.002698,25.9146,23.187,26.455,22.947,10.878
2024-07-18,18:00:01,76.339,11.8284,19.3922,13.51,31.2207,19.6558,24.2537,43.9095,0.946,0,27.1602,258.165566,0.005492,11.8443,0.003612,20.5792,22.645,26.901,22.405,11.693
2024-07-18,19:00:00,77.746,18.3083,20.2522,13.258,38.5605,20.0064,24.4603,44.4667,0.946,0,27.3645,258.164706,0.003725,11.4359,0.00429,22.0874,22.204,27.11,21.994,11.752
2024-07-18,20:00:00,78.435,23.7258,26.5361,12.855,50.2619,20.4783,24.8809,45.3592,0.946,0,27.3645,258.163715,0.005501,11.4359,0.004224,28.9144,21.993,27.162,21.793,11.668
2024-07-18,21:00:01,77.231,27.5453,55.2765,12.996,82.8218,21.1478,26.5514,47.6992,0.947,0,27.5687,258.162151,0.004633,11.8443,0.004603,58.0427,21.862,27.116,21.653,11.662
2024-07-18,22:00:00,76.508,35.1303,48.9973,13.087,84.1276,22.2192,28.0139,50.2331,0.946,0,27.3645,258.160683,0.005589,11.4359,0.00421,52.5209,21.802,26.971,21.602,11.66
2024-07-18,23:00:00,80.365,30.7803,47.3518,11.858,78.1321,22.9353,29.4146,52.3499,0.946,0,27.5687,258.159449,0.005425,12.0485,0.003677,50.4399,21.782,27.004,21.592,10.899
2024-07-19,00:00:01,85.741,17.1822,13.5296,10.91,30.7118,23.0009,29.2611,52.2619,0.947,0,27.7729,258.159012,0.006826,12.2527,0.003443,15.2508,21.732,27.175,21.522,11.353
2024-07-19,01:00:01,85.773,12.0422,13.6927,11.031,25.7349,22.9304,29.1434,52.0738,0.946,0,27.5687,258.158886,0.004052,12.2527,0.003214,14.8999,21.652,27.098,21.432,11.652
2024-07-19,02:00:00,86.141,-6.62133,16.3105,10.558,9.68918,22.0829,29.2167,51.2995,0.945,0,27.9771,258.158575,0.004642,12.0485,0.002479,15.6515,21.621,26.815,21.412,11.652
2024-07-19,03:00:01,81.185,25.7351,34.0105,10.275,59.7456,22.5475,30.023,52.5705,0.945,0,28.3855,258.157688,0.003781,11.8443,0.003421,36.5913,21.531,25.298,21.351,10.585
2024-07-19,04:00:01,85.524,16.6333,16.4939,10.497,33.1272,22.7673,30.2627,53.03,0.946,0,28.1813,258.157252,0.004873,12.0485,0.002393,18.1608,21.581,27.163,21.382,11.689
2024-07-19,05:00:00,87.199,-7.40809,10.3832,9.307,2.97509,21.8163,30.1058,51.9221,0.945,0,27.9771,258.157097,0.005235,12.0485,0.002862,9.6443,21.621,26.606,21.412,10.892
2024-07-19,06:00:00,86.579,19.3057,12.6349,9.65,31.9406,21.6888,30.0833,51.7721,0.945,0,27.5687,258.156672,0.007046,11.6401,0.002319,14.5684,21.591,26.183,21.392,11.423
2024-07-19,07:00:01,87.654,19.4895,14.5627,9.59,34.0522,21.2698,29.663,50.9328,0.946,0,27.9771,258.155159,0.006197,12.2527,0.003241,16.515,21.621,26.886,21.412,11.652
2024-07-19,08:00:01,88.031,22.9709,20.5396,10.053,43.5105,20.6446,27.8726,48.5171,0.947,0,27.9771,258.154738,0.00461,12.2527,0.003214,22.8412,21.621,27.234,21.412,11.12
2024-07-19,09:00:01,77.035,31.2592,31.0723,12.976,62.3315,20.8944,27.7938,48.6882,0.947,0,27.9771,258.153426,0.004944,11.6401,0.007527,34.205,21.822,27.112,21.562,11.696
2024-07-19,10:00:00,77.971,29.7936,46.2132,12.885,76.0069,20.7837,27.7776,48.5613,0.947,0,28.1813,258.152107,0.00873,12.2527,0.007662,49.2024,22.244,26.938,21.964,11.713
2024-07-19,11:00:00,64.743,23.7255,62.7135,16.317,86.439,20.6297,28.8236,49.4533,0.948,0,28.1813,258.151559,0.006675,12.0485,0.004019,65.0991,22.615,26.617,22.305,11.727
2024-07-19,12:00:01,59.375,29.1118,40.1378,17.735,69.2495,20.7612,29.1876,49.9489,0.946,0,28.3855,258.150762,0.007116,12.6612,0.00474,43.0576,23.087,26.446,22.756,11.708
2024-07-19,13:00:00,50.103,23.2153,33.5686,19.725,56.7839,20.7771,28.9555,49.7326,0.946,0,28.5897,258.150092,0.004918,12.457,0.002204,35.8974,23.428,25.628,23.138,11.572
2024-07-19,14:00:00,51.461,16.5733,32.3409,20.117,48.9142,20.5145,28.8429,49.3574,0.945,0,28.5897,258.150083,0.039153,12.457,0.006129,34.0051,23.709,26.074,23.419,11.698
2024-07-19,15:00:01,55.862,2.45543,30.0279,19.253,32.4833,19.437,28.7956,48.2325,0.946,0,28.9982,258.148954,0.018313,12.6612,0.002883,30.2795,23.809,26.365,23.499,11.739
2024-07-19,16:00:01,66.391,23.3437,25.1706,16.881,48.5143,19.3756,28.9679,48.3434,0.944,0,28.9982,258.148192,0.005349,12.2527,0.002577,27.5105,23.568,26.979,23.288,11.883
2024-07-19,17:00:00,74.961,20.2372,21.1102,14.657,41.3473,19.4318,28.8466,48.2784,0.946,0,29.2024,258.147322,0.005418,12.8654,0.00301,23.1385,23.037,27.354,22.756,11.1
2024-07-19,18:00:00,79.841,0.737639,22.3916,13.429,23.1292,18.9697,28.9716,47.9413,0.945,0,28.5897,258.147418,0.009911,12.0485,0.003494,22.4698,22.455,27.516,22.195,11.836
2024-07-19,19:00:01,81.779,48.5852,19.7819,13.036,68.3671,20.2312,28.952,49.1832,0.945,0,28.5897,258.146043,0.015984,12.457,0.002765,24.6453,22.143,27.769,21.883,11.899
2024-07-19,20:00:00,81.221,34.3312,21.3338,13.097,55.665,20.6731,28.7352,49.4083,0.946,0,29.2024,258.145197,0.01212,12.0485,0.003213,24.7719,21.993,27.791,21.753,11.058
2024-07-19,21:00:00,81.6,-9.44203,30.8477,12.774,21.4057,19.132,27.7174,46.8493,0.946,0,28.9982,258.144395,0.00481,12.2527,0.002931,29.9095,21.923,27.645,21.683,11.853
2024-07-19,22:00:01,82.447,23.978,27.4898,12.704,51.4678,18.6673,26.8212,45.4885,0.947,0,28.7939,258.143479,0.00581,12.457,0.004413,29.8936,21.893,27.747,21.663,11.89
2024-07-19,23:00:01,82.112,23.5653,23.9639,12.815,47.5292,18.3667,25.8467,44.2134,0.944,0,28.3855,258.142233,0.005864,12.0485,0.003778,26.3257,21.893,27.678,21.653,11.738
2024-07-20,00:00:00,82.985,24.6654,19.4489,12.513,44.1143,18.6785,26.0934,44.7718,0.946,0,28.7939,258.14191,0.004649,12.2527,0.003473,21.9198,21.903,27.678,21.673,11.814
2024-07-20,01:00:01,84.954,20.3929,13.3976,11.969,33.7905,19.0264,26.0811,45.1075,0.946,0,28.7939,258.141381,0.004918,12.457,0.00412,15.44,21.913,27.679,21.683,11.89
2024-07-20,02:00:01,84.092,23.6445,12.927,11.868,36.5715,20.2875,25.9401,46.2276,0.946,0,28.7939,258.140852,0.00579,12.457,0.003564,15.2945,21.913,27.4,21.673,11.852
2024-07-20,03:00:00,85.72,5.24582,11.9442,11.485,17.19,19.4338,25.0207,44.4544,0.945,0,29.2024,258.140505,0.004868,12.0485,0.004135,12.4713,21.872,27.467,21.612,11.736
2024-07-20,04:00:01,83.915,21.478,14.5729,11.525,36.0508,19.6356,24.9406,44.5762,0.946,0,29.6108,258.139823,0.004668,13.0696,0.003492,16.724,21.832,27.113,21.592,11.659
2024-07-20,05:00:01,83.888,19.4036,12.1345,11.495,31.5381,20.7528,25.0136,45.7664,0.946,0,29.2024,258.13917,0.00316,12.6612,0.004671,14.0777,21.812,27.251,21.562,11.734
2024-07-20,06:00:00,83.45,23.585,13.4727,11.263,37.0577,20.9311,25.0485,45.9796,0.944,0,28.5897,258.13839,0.004442,11.8443,0.003675,15.8344,21.822,26.973,21.572,11.658
2024-07-20,07:00:00,83.31,24.3699,15.2575,11.414,39.6275,21.1344,25.0774,46.2119,0.946,0,28.9982,258.13757,0.00397,12.6612,0.003587,17.6981,21.802,27.041,21.552,11.278
2024-07-20,08:00:01,81.414,18.7722,12.9306,11.656,31.7028,20.9595,24.7604,45.7199,0.947,0,28.9982,258.137039,0.004092,12.2527,0.003255,14.8108,21.802,26.831,21.582,11.583
2024-07-20,09:00:00,74.364,19.3764,17.036,13.429,36.4124,20.4644,24.1756,44.6399,0.947,0,28.7939,258.136897,0.002898,13.8864,0.003072,18.9774,21.923,26.841,21.653,10.902
2024-07-20,10:00:00,73.121,23.2092,21.5302,13.862,44.7394,20.19,23.1471,43.3371,0.948,0,29.2024,258.135422,0.003288,12.6612,0.003547,23.8559,22.123,26.928,21.823,11.441
2024-07-20,11:00:01,67.088,26.8666,20.045,15.291,46.9117,20.3209,21.3692,41.6901,0.949,0,29.2024,258.134783,0.003583,12.2527,0.00496,22.7363,22.364,26.738,22.044,11.754
2024-07-20,12:00:00,61.375,24.4324,21.9966,17.122,46.429,20.1259,20.6134,40.7393,0.948,0,29.4066,258.134684,0.003761,13.0696,0.005367,24.4447,22.756,26.524,22.435,10.933
2024-07-20,13:00:00,62.393,23.4157,19.0339,17.072,42.4496,20.1343,20.0077,40.142,0.947,0,30.0192,258.1332,0.003245,13.0696,0.002955,21.3797,23.077,26.516,22.787,11.786
2024-07-20,14:00:01,60.14,22.3826,19.6546,17.745,42.0372,20.3763,19.4792,39.8555,0.948,0,29.815,258.132671,0.004067,12.8654,0.005322,21.8973,23.227,26.423,22.957,11.716
2024-07-20,15:00:01,58.672,18.5952,15.0197,18.107,33.615,21.0488,18.8538,39.9026,0.947,0,29.6108,258.132301,0.003508,12.6612,0.003335,16.8826,23.337,26.467,23.057,11.454
2024-07-20,16:00:00,59.572,23.0015,19.9504,17.896,42.9519,21.0346,18.6363,39.6709,0.945,0,29.2024,258.131396,0.003041,12.457,0.002075,22.255,23.317,26.501,23.017,11.339
2024-07-20,17:00:01,66.242,26.421,19.424,15.996,45.845,21.2922,18.566,39.8583,0.948,0,29.6108,258.13017,0.004566,12.6612,0.002498,22.0705,22.996,26.579,22.696,11.63
2024-07-20,18:00:01,77.539,15.3299,15.7197,13.701,31.0496,21.9002,18.288,40.1883,0.949,0,29.4066,258.129612,0.004651,12.8654,0.003217,17.2561,22.525,27.382,22.265,11.079
2024-07-20,19:00:00,79.251,14.4647,13.1392,13.117,27.6039,20.4785,18.0113,38.4898,0.949,0,29.815,258.129109,0.003916,12.8654,0.002915,14.5886,22.143,27.489,21.893,11.064
2024-07-20,20:00:00,80.098,17.4615,12.399,12.754,29.8605,19.7756,17.639,37.4146,0.948,0,29.4066,258.128574,0.003299,12.6612,0.004456,14.148,22.023,27.374,21.773,11.743
2024-07-20,21:00:01,81.078,10.5262,12.3313,12.422,22.8575,20.6076,16.8675,37.4751,0.947,0,29.2024,258.128341,0.004983,12.2527,0.003325,13.3866,21.963,27.369,21.713,11.512
2024-07-20,22:00:01,81.706,12.006,10.8321,12.19,22.8381,20.1088,16.1734,36.2822,0.95,0,29.815,258.128172,0.004474,13.0696,0.003144,12.0351,21.953,27.333,21.683,11.397
2024-07-20,23:00:00,80.735,12.273,9.2968,12.241,21.5698,19.6383,15.5623,35.2006,0.947,0,29.2024,258.128,0.003028,12.6612,0.003356,10.5262,21.882,27.188,21.643,10.978
2024-07-21,00:00:01,80.263,16.9666,8.01875,12.291,24.9853,19.3175,15.086,34.4035,0.946,0,29.6108,258.127584,0.003971,13.0696,0.003803,9.71735,21.882,27.118,21.653,11.738
2024-07-21,01:00:01,80.151,9.7116,7.04742,12.22,16.759,18.8725,14.8214,33.6939,0.947,0,30.2234,258.126768,0.005286,13.0696,0.003611,8.02018,21.882,27.048,21.612,11.66
2024-07-21,02:00:00,80.029,13.5903,7.21071,12.089,20.801,18.4535,14.5832,33.0368,0.947,0,30.0192,258.127186,0.003985,13.0696,0.003723,8.57145,21.852,26.975,21.592,10.976
2024-07-21,03:00:00,79.522,9.23453,7.1549,12.009,16.3894,18.6197,14.3837,33.0034,0.947,0,30.2234,258.127141,0.004979,13.0696,0.003016,8.07997,21.852,26.905,21.582,11.659
2024-07-21,04:00:01,79.927,9.26899,6.4327,11.858,15.7017,18.111,14.0445,32.1555,0.947,0,29.815,258.12697,0.0036,12.8654,0.004013,7.36107,21.842,26.834,21.582,11.583
2024-07-21,05:00:00,79.284,10.9241,6.22667,11.898,17.1508,17.7577,13.7984,31.5561,0.947,0,29.6108,258.1267,0.003174,12.8654,0.002963,7.32054,21.822,26.692,21.572,11.582
2024-07-21,06:00:00,78.987,8.47056,6.59774,11.817,15.0683,17.128,13.5119,30.6399,0.947,0,29.6108,258.126595,0.004522,12.6612,0.004227,7.44628,21.802,26.621,21.552,11.126
2024-07-21,07:00:01,78.699,11.7889,7.96253,11.787,19.7514,16.6037,13.2079,29.8117,0.947,0,29.6108,258.126231,0.002251,12.6612,0.002613,9.14325,21.802,26.621,21.532,11.201
2024-07-21,08:00:00,77.144,11.3503,12.8734,12.21,24.2237,16.2945,13.2056,29.5001,0.946,0,30.2234,258.125958,0.00467,13.2738,0.003202,14.0112,21.772,26.548,21.522,11.125
2024-07-21,09:00:00,73.15,13.6263,14.6979,12.855,28.3242,16.0549,13.1081,29.163,0.946,0,29.4066,258.125525,0.004195,12.457,0.003664,16.0637,21.862,26.345,21.592,11.128
2024-07-21,10:00:01,68.107,39.5385,17.9426,14.335,57.4811,16.7353,12.9587,29.6939,0.947,0,29.815,258.12443,0.003139,12.2527,0.003104,21.9008,21.993,26.32,21.713,10.98
2024-07-21,11:00:01,62.068,13.3381,10.0088,15.754,23.3469,16.1716,12.5405,28.7121,0.947,0,30.2234,258.124075,0.002847,13.0696,0.003241,11.3449,22.344,26.033,22.054,11.603
2024-07-21,12:00:00,58.275,10.8747,8.67457,16.961,19.5493,15.6067,11.9854,27.5921,0.946,0,29.815,258.123831,0.005042,12.8654,0.003395,9.764,22.876,25.618,22.536,11.471
2024-07-21,13:00:01,54.903,9.92557,12.1187,17.846,22.0443,15.0446,11.6973,26.7419,0.947,0,30.4277,258.123716,0.003238,13.0696,0.002625,13.1139,23.217,25.328,22.917,11.411
2024-07-21,14:00:01,51.102,10.7354,11.6184,18.73,22.3538,14.5593,11.3624,25.9217,0.945,0,30.4277,258.123388,0.003939,13.0696,0.002707,12.6945,23.448,25.134,23.168,11.421
2024-07-21,15:00:00,50.959,10.3077,10.6809,18.791,20.9886,14.214,11.1816,25.3956,0.946,0,30.0192,258.123321,0.004305,12.6612,0.003006,11.714,23.669,25.08,23.338,11.542
2024-07-21,16:00:00,57.587,10.8814,17.3372,17.605,28.2186,13.709,11.0728,24.7817,0.945,0,30.2234,258.123705,0.003625,13.2738,0.003547,18.4291,23.598,25.783,23.298,10.892
2024-07-21,17:00:01,68.71,11.5738,17.7878,14.989,29.3617,13.0904,11.0046,24.0949,0.945,0,30.6319,258.122493,0.003494,13.0696,0.002342,18.949,23.127,26.45,22.847,10.95
2024-07-21,18:00:01,75.889,10.0665,13.2359,13.238,23.3023,12.871,10.9011,23.7721,0.946,0,29.815,258.122164,0.00391,12.457,0.002792,14.2454,22.505,26.89,22.235,11.496
2024-07-21,19:00:00,80.314,7.82685,12.7395,12.12,20.5664,12.5945,10.8844,23.4789,0.947,0,30.8361,258.121932,0.004103,13.2738,0.003977,13.5249,22.153,27.105,21.873,11.747
2024-07-21,20:00:01,80.501,10.6623,16.0524,12.13,26.7148,12.3112,11.0367,23.3478,0.947,0,30.2234,258.121662,0.003642,12.8654,0.003524,17.1221,21.943,27.193,21.683,10.979
2024-07-21,21:00:01,80.568,11.7447,12.9699,12.029,24.7146,12.3619,11.0633,23.4252,0.945,0,30.0192,258.121404,0.003645,13.0696,0.006052,14.1472,21.852,27.149,21.602,11.203
2024-07-21,22:00:00,80.526,9.25793,12.872,11.858,22.1299,12.2474,11.1483,23.3957,0.945,0,30.0192,258.121044,0.004048,12.8654,0.00339,13.8005,21.802,27.041,21.532,11.657
2024-07-21,23:00:01,80.575,10.7522,12.7024,11.868,23.4546,12.1841,11.2902,23.4742,0.946,0,30.4277,258.120778,0.003739,12.8654,0.003169,13.7804,21.812,27.112,21.552,11.354
2024-07-22,00:00:01,80.63,15.3851,14.0774,11.717,29.4626,12.1182,11.5426,23.6608,0.946,0,30.4277,258.120388,0.004844,13.478,0.005467,15.6191,21.812,26.937,21.552,11.695
2024-07-22,01:00:00,81.478,13.3945,10.8385,11.545,24.233,12.2716,11.7006,23.9722,0.946,0,30.6319,258.120052,0.003066,13.2738,0.003817,12.1804,21.782,26.97,21.512,11.694
2024-07-22,02:00:01,82.013,13.9272,13.2812,11.253,27.2084,12.2857,11.9535,24.2392,0.945,0,30.4277,258.119814,0.003347,12.6612,0.004009,14.6769,21.782,26.899,21.512,11.732
2024-07-22,03:00:01,84.178,15.1517,8.91772,10.326,24.0694,12.5322,12.027,24.5592,0.944,0,30.0192,258.119383,0.005015,13.0696,0.003543,10.435,21.722,26.754,21.492,11.655
2024-07-22,04:00:00,84.769,15.9265,5.08567,10.255,21.0122,12.8096,11.9708,24.7805,0.944,0,30.4277,258.119071,0.003663,13.2738,0.003653,6.67965,21.692,26.612,21.422,11.652
2024-07-22,05:00:00,85.933,16.6108,6.01354,10.094,22.6244,13.0466,11.962,25.0085,0.944,0,30.2234,258.118707,0.004278,12.6612,0.003182,7.67616,21.652,26.818,21.382,11.726
2024-07-22,06:00:01,85.226,13.3605,9.73555,10.185,23.0961,13.2503,12.0927,25.343,0.944,0,30.0192,258.118255,0.004502,12.8654,0.002506,11.0738,21.621,26.816,21.382,11.271
2024-07-22,07:00:00,85.086,17.2909,11.8654,10.225,29.1563,13.4796,12.2553,25.7349,0.945,0,30.2234,258.117815,0.003538,13.2738,0.003575,13.5972,21.601,26.744,21.371,11.65
2024-07-22,08:00:00,82.078,21.2825,16.5975,11.142,37.88,13.8934,12.4105,26.3039,0.946,0,30.8361,258.117097,0.003152,12.8654,0.00378,18.7295,21.662,26.749,21.402,11.651
2024-07-22,09:00:01,79.362,18.6729,19.1525,12.019,37.8254,14.1037,12.5961,26.6998,0.945,0,30.6319,258.116008,0.003147,13.6822,0.002842,21.024,21.752,26.793,21.502,11.504
2024-07-22,10:00:01,73.286,10.5204,12.0358,13.701,22.5562,12.8946,12.35,25.2446,0.946,0,30.4277,258.116244,0.004265,12.8654,0.002506,13.0904,21.933,26.981,21.622,11.243
2024-07-22,11:00:00,63.938,8.89701,19.0234,16.659,27.9204,12.7095,12.7256,25.4351,0.947,0,30.8361,258.11586,0.003577,13.0696,0.003748,19.9171,22.294,26.802,21.994,11.79
2024-07-22,12:00:01,59.501,15.227,28.0711,17.484,43.2981,12.8909,13.5338,26.4247,0.946,0,30.0192,258.115466,0.004341,12.8654,0.002749,29.5997,22.846,26.567,22.506,11.774
2024-07-22,13:00:01,52.289,16.5559,23.4809,19.835,40.0368,13.1671,14.0072,27.1744,0.945,0,30.6319,258.115124,0.002686,13.0696,0.003637,25.1415,23.257,26.143,22.927,11.715
2024-07-22,14:00:00,53.113,19.8345,36.0235,19.755,55.858,13.5463,15.0241,28.5704,0.944,0,31.0403,258.114525,0.005299,13.0696,0.004862,38.0146,23.508,26.27,23.208,11.804
2024-07-22,15:00:00,57.159,16.6305,29.5165,18.66,46.147,13.8097,15.8089,29.6186,0.943,0,31.2445,258.114007,0.002913,13.478,0.004033,31.1858,23.679,26.566,23.489,11.282
2024-07-22,16:00:01,63.785,15.4205,25.8726,17.011,41.2931,13.9989,16.1645,30.1634,0.946,0,30.6319,258.113312,0.004614,12.6612,0.002874,27.4201,23.608,26.771,23.429,11.889
2024-07-22,17:00:00,71.695,8.97975,19.6002,14.728,28.5799,13.8908,16.2401,30.1308,0.944,0,30.8361,258.112842,0.002988,12.8654,0.003717,20.5022,23.177,26.876,23.017,11.833
2024-07-22,18:00:00,76.552,11.1928,18.2143,13.49,29.4071,13.9377,16.4475,30.3852,0.946,0,30.6319,258.112401,0.002214,12.8654,0.004156,19.3374,22.585,27.177,22.455,11.771
2024-07-22,19:00:01,79.139,13.9399,18.3671,13.238,32.307,14.1924,16.682,30.8744,0.945,0,31.0403,258.111823,0.002217,13.478,0.002454,19.7651,22.214,27.6,22.134,11.909
2024-07-22,20:00:01,80.08,11.9661,15.3714,13.077,27.3375,14.2467,16.6536,30.9003,0.945,0,30.8361,258.11147,0.003063,13.2738,0.004689,16.5713,22.063,27.797,21.984,11.903
2024-07-22,21:00:00,80.503,10.5577,16.0466,13.087,26.6043,14.1973,16.7818,30.9791,0.946,0,30.8361,258.11113,0.002764,13.2738,0.002517,17.1058,22.003,27.826,21.914,11.976
2024-07-22,22:00:00,79.973,13.2667,18.2328,12.815,31.4995,14.3643,17.0052,31.3695,0.948,0,30.6319,258.110706,0.003867,13.2738,0.00307,19.5634,21.953,27.648,21.873,11.899
2024-07-22,23:00:01,80.386,16.9813,19.2404,12.795,36.2217,14.6239,17.2776,31.9014,0.948,0,30.2234,258.110137,0.003703,12.8654,0.004185,20.9427,21.923,27.61,21.843,11.897
2024-07-23,00:00:00,81.868,17.298,23.7702,11.918,41.0682,14.7036,17.6814,32.385,0.949,0,30.8361,258.109585,0.002004,13.0696,0.00402,25.5051,21.903,27.364,21.833,11.061
2024-07-23,01:00:00,82.825,17.9987,19.8897,11.878,37.8884,14.8954,18.0586,32.954,0.947,0,30.6319,258.109026,0.002939,13.0696,0.004582,21.6939,21.822,27.532,21.753,11.058
2024-07-23,02:00:01,81.596,14.1796,13.0948,11.747,27.2744,14.9059,18.0508,32.9567,0.947,0,30.4277,258.108838,0.002321,13.0696,0.005204,14.5156,21.792,27.11,21.733,11.741
2024-07-23,03:00:00,83.204,16.6368,16.3801,11.434,33.0169,14.9678,18.3617,33.3295,0.945,0,30.8361,258.108363,0.003028,13.2738,0.003779,18.0474,21.802,27.32,21.723,11.285
2024-07-23,04:00:00,85.994,17.3859,17.9845,10.164,35.3704,15.0286,18.8992,33.9278,0.945,0,31.2445,258.107827,0.002083,13.0696,0.00331,19.727,21.772,26.933,21.693,11.701
2024-07-23,05:00:01,87.159,19.9173,10.5098,9.469,30.4271,15.1664,19.0865,34.2529,0.946,0,31.6529,258.107438,0.00341,13.478,0.003636,12.5041,21.722,26.544,21.653,11.586
2024-07-23,06:00:01,83.449,29.525,18.2479,10.396,47.7729,15.8399,19.4412,35.2811,0.946,0,31.2445,258.10637,0.003307,13.478,0.004473,21.2047,21.662,26.223,21.602,11.47
2024-07-23,07:00:00,75.964,35.6638,26.4586,12.613,62.1224,16.6054,20.0493,36.6547,0.947,0,31.0403,258.105235,0.002881,13.0696,0.004281,30.031,21.662,26.679,21.572,11.582
2024-07-23,08:00:01,71.723,26.6933,24.7427,14.265,51.4361,16.8309,20.3886,37.2195,0.949,0,30.8361,258.104161,0.004485,13.0696,0.003996,27.4176,21.913,27.26,21.773,11.818
2024-07-23,09:00:01,69.99,18.5358,29.4972,15.402,48.0329,16.8252,20.8197,37.6448,0.949,0,31.2445,258.1034,0.004532,13.8865,0.002657,31.357,22.304,27.293,22.134,11.378
2024-07-23,10:00:00,64.229,10.4738,23.248,16.901,33.7219,16.8232,21.2869,38.1101,0.946,0,30.8361,258.102963,0.003826,12.8654,0.003631,24.3003,22.786,26.948,22.636,11.779
2024-07-23,11:00:01,58.778,8.48809,19.6917,18.389,28.1798,16.8062,21.3147,38.1209,0.948,0,31.2445,258.102564,0.002802,13.0696,0.00436,20.5446,23.257,26.742,23.098,11.723
2024-07-23,12:00:00,54.849,13.5827,20.1301,19.685,33.7129,16.7377,20.9838,37.7215,0.948,0,31.2445,258.102163,0.003029,13.6822,0.003351,21.4927,23.588,26.664,23.429,11.813
2024-07-23,13:00:00,52.145,13.3626,20.9953,20.659,34.3579,16.6046,20.8803,37.4849,0.948,0,31.4487,258.101603,0.005205,13.478,0.005874,22.336,23.839,26.508,23.679,11.899
2024-07-23,14:00:01,53.16,12.79,24.0461,20.629,36.8361,16.3111,20.3812,36.6923,0.947,0,32.0613,258.101302,0.003483,13.478,0.00324,25.3301,23.969,26.801,23.82,11.639
2024-07-23,15:00:01,58.471,12.6067,25.9481,19.102,38.5548,16.1434,20.2325,36.376,0.948,0,31.2445,258.100859,0.002691,13.478,0.002812,27.2142,23.969,27.012,23.79,11.37
2024-07-23,16:00:00,64.668,12.059,19.6815,17.202,31.7405,16.0034,19.9746,35.9779,0.948,0,31.4487,258.10047,0.003145,13.478,0.005726,20.8916,23.709,26.991,23.549,11.437
2024-07-23,17:00:00,71.266,10.4962,18.3009,15.11,28.7971,16.0666,19.9204,35.987,0.945,0,30.8361,258.100134,0.005284,13.2738,0.003173,19.3544,23.197,27.088,23.047,11.492
2024-07-23,18:00:01,78.421,8.17196,18.428,13.298,26.6,15.9407,19.9293,35.87,0.947,0,31.4487,258.099847,0.00262,13.478,0.003191,19.2491,22.615,27.319,22.486,11.849
2024-07-23,19:00:02,81.544,11.3991,21.6147,12.734,33.0138,15.8348,20.0646,35.8995,0.948,0,31.2445,258.099435,0.002408,13.478,0.004005,22.7592,22.234,27.707,22.134,11.53
2024-07-23,20:00:00,82.512,12.3391,15.5943,12.513,27.9334,15.8504,20.0739,35.9243,0.949,0,31.4487,258.099016,0.002718,13.478,0.003335,16.8316,22.023,27.758,21.914,11.976
2024-07-23,21:00:01,81.6,14.6132,20.5285,12.684,35.1417,16.0194,20.2607,36.28,0.947,0,31.0403,258.098449,0.002358,12.6612,0.00482,21.9942,21.862,27.814,21.813,11.441
2024-07-23,22:00:00,78.321,26.8821,47.4816,12.372,74.3637,16.5867,21.4794,38.066,0.949,0,31.6529,258.097485,0.003311,13.6822,0.003544,50.1798,21.782,27.11,21.733,11.133
2024-07-23,23:00:00,81.5,27.6833,41.625,12.372,69.3083,17.0326,22.4121,39.4447,0.95,0,31.2445,258.096568,0.002318,13.0696,0.002911,44.4022,21.762,27.736,21.693,11.132
2024-07-24,00:00:01,81.954,14.5366,25.0899,12.079,39.6265,16.9175,22.467,39.3846,0.949,0,31.2445,258.096178,0.01331,13.0696,0.004339,26.5489,21.722,27.56,21.683,11.814
2024-07-24,01:00:01,86.824,-26.9696,19.4015,10.88,-7.56808,15.0439,22.4467,37.4906,0.948,0,31.8571,258.09593,0.02408,13.2738,0.00305,16.7079,21.782,27.807,21.713,11.436
2024-07-24,02:00:00,87.88,16.8995,4.76189,10.416,21.6614,15.1572,22.0995,37.2567,0.947,0,31.4487,258.095464,0.008508,13.478,0.003558,6.45313,21.742,27.664,21.693,11.474
2024-07-24,03:00:01,88.402,16.6417,6.63768,10.497,23.2794,15.1574,21.6936,36.851,0.948,0,31.4487,258.094947,0.015322,13.478,0.00244,8.30351,21.722,27.663,21.643,11.889
2024-07-24,04:00:01,88.477,22.0001,9.63867,10.618,31.6388,15.3496,21.3458,36.6955,0.949,0,31.4487,258.094328,0.004434,13.6822,0.004436,11.8411,21.722,27.663,21.653,11.927
2024-07-24,05:00:00,88.651,13.7917,6.31349,10.497,20.1051,15.0944,21.171,36.2654,0.946,0,31.4487,258.093713,0.006179,13.6822,0.004071,7.69419,21.702,27.661,21.643,11.13
2024-07-24,06:00:00,89.07,17.5563,5.73997,10.074,23.2963,14.5957,20.6498,35.2455,0.947,0,31.0403,258.093183,0.003801,12.8654,0.003304,7.4971,21.722,27.384,21.673,11.738
2024-07-24,07:00:01,89.213,16.8509,2.91607,9.267,19.767,13.8118,19.6689,33.4807,0.948,0,31.0403,258.092765,0.005003,13.0696,0.003756,4.60208,21.702,27.032,21.632,11.699
2024-07-24,08:00:01,86.455,16.8999,11.119,12.059,28.0189,13.4038,19.1012,32.505,0.95,0,31.8571,258.092252,0.003444,13.478,0.004516,12.8116,21.822,26.973,21.713,11.74
2024-07-24,09:00:00,63.984,25.3321,24.0811,16.76,49.4131,13.687,18.8755,32.5625,0.948,0,31.4487,258.091289,0.004142,13.478,0.002841,26.6196,22.244,27.008,22.074,11.831
2024-07-24,10:00:01,55.584,33.7255,42.2315,18.62,75.957,14.6558,19.6665,34.3223,0.949,0,31.8571,258.089968,0.003325,13.2738,0.003573,45.6132,22.926,26.574,22.736,11.403
2024-07-24,11:00:01,52.923,29.748,50.5482,20.066,80.2962,15.5416,20.9522,36.4938,0.947,0,31.6529,258.08901,0.00352,13.0696,0.002571,53.5338,23.508,26.587,23.318,11.846
2024-07-24,12:00:00,57.066,18.066,30.2787,19.835,48.3448,15.7284,21.3751,37.1035,0.95,0,32.0614,258.088652,0.016454,13.6822,0.002284,32.0918,23.859,27.144,23.679,11.976
2024-07-24,13:00:00,54.565,42.8704,22.5354,20.86,65.4059,16.9579,21.4392,38.3972,0.947,0,32.2656,258.088176,0.023052,13.6822,0.006138,26.8279,23.959,27.223,23.79,11.218
2024-07-24,14:00:01,55.004,25.0521,18.748,20.83,43.8001,17.4688,21.2185,38.6873,0.947,0,32.4698,258.088711,0.028302,13.6822,0.003704,21.2575,23.969,27.364,23.8,11.6
2024-07-24,15:00:00,59.055,61.9976,21.9807,19.825,83.9784,19.5268,21.0532,40.58,0.947,0,31.8571,258.086971,0.015457,13.478,0.003362,28.1861,23.929,27.571,23.739,11.292
2024-07-24,16:00:00,63.964,1.67397,29.259,18.258,30.933,19.0941,21.4523,40.5463,0.949,0,32.0613,258.087121,0.012524,13.6822,0.003057,29.4323,23.709,27.693,23.539,12.198
2024-07-24,17:00:01,72.643,14.393,25.1104,15.855,39.5034,19.2564,21.736,40.9924,0.946,0,31.2445,258.085782,0.003764,13.2738,0.003309,26.555,23.207,27.79,23.077,12.026
2024-07-24,18:00:00,77.324,9.50431,26.677,14.224,36.1813,19.312,22.0797,41.3916,0.947,0,31.6529,258.085181,0.018137,13.478,0.003504,27.6329,22.665,27.953,22.536,11.242
2024-07-24,19:00:00,80.816,34.3649,22.528,13.419,56.8929,20.2689,22.1177,42.3866,0.948,0,32.0613,258.08416,0.005226,14.2949,0.003462,25.9697,22.234,28.089,22.134,12.061
2024-07-24,20:00:01,84.702,19.2278,22.3115,12.351,41.5393,20.5559,22.3976,42.9535,0.948,0,32.0613,258.083478,0.002733,13.8864,0.003163,24.2392,22.063,28.25,21.954,11.674
2024-07-24,21:00:01,86.214,23.8499,16.2829,12.13,40.1328,20.9408,22.2207,43.1615,0.949,0,31.8571,258.08277,0.002475,14.0907,0.004428,18.6716,21.973,28.243,21.883,11.747
2024-07-24,22:00:00,85.622,25.0076,45.0784,12.019,70.086,20.8627,22.1206,42.9832,0.947,0,32.0614,258.081992,0.001996,13.6822,0.003593,47.5887,21.913,27.958,21.813,11.213
2024-07-24,23:00:00,85.336,20.9563,29.0336,12.261,49.9899,20.5824,21.596,42.1783,0.949,0,32.4698,258.081033,0.00436,13.6822,0.003551,31.1355,21.882,28.234,21.803,11.971
2024-07-25,00:00:01,85.782,23.7998,18.4818,11.969,42.2816,20.9683,21.3206,42.2889,0.948,0,31.8571,258.080162,0.002841,13.6822,0.003284,20.8659,21.903,28.027,21.813,11.896
2024-07-25,01:00:00,86.661,24.9493,21.804,11.223,46.7533,23.1316,21.4207,44.5523,0.948,0,31.8571,258.079402,0.002714,13.2738,0.002543,24.3037,21.882,27.607,21.793,11.819
2024-07-25,02:00:00,85.997,24.7443,19.4245,11.797,44.1687,23.4585,22.0317,45.4901,0.949,0,32.0613,258.078535,0.002209,13.6822,0.003608,21.9033,21.842,28.056,21.763,12.008
2024-07-25,03:00:01,85.565,28.9455,21.8247,11.636,50.7702,23.9711,22.6644,46.6356,0.948,0,32.0613,258.077743,0.003302,13.8864,0.003473,24.7242,21.822,27.846,21.753,11.969
2024-07-25,04:00:01,85.542,27.5863,19.7486,11.707,47.335,24.2039,23.0857,47.2896,0.946,0,32.0614,258.076925,0.003414,13.478,0.003154,22.5117,21.822,27.88,21.753,11.59
2024-07-25,05:00:00,86.676,29.8024,23.5803,10.961,53.3827,24.871,23.8051,48.6762,0.947,0,32.2656,258.075948,0.002935,13.2738,0.005271,26.5658,21.822,27.497,21.733,11.893
2024-07-25,06:00:01,86.774,30.0307,23.5881,10.85,53.6189,25.3908,24.5488,49.9396,0.948,0,32.2656,258.074876,0.002857,13.8864,0.004258,26.5965,21.782,27.528,21.693,11.89
2024-07-25,07:00:01,86.173,33.7387,23.3542,11.636,57.0929,26.0944,25.4004,51.4948,0.945,0,32.0614,258.073549,0.002402,12.8654,0.003148,26.7334,21.752,27.944,21.693,11.663
2024-07-25,08:00:00,84.631,50.8342,22.6307,12.311,73.4649,27.5084,25.8801,53.3884,0.948,0,31.6529,258.072459,0.003175,14.4991,0.005312,27.7197,21.842,27.952,21.753,11.21
2024-07-25,09:00:00,79.281,40.9085,31.0847,13.54,71.9932,28.1574,26.1719,54.3293,0.951,0,33.0824,258.070612,0.018261,14.0906,0.003046,35.1826,21.983,27.825,21.873,11.899
2024-07-25,10:00:01,68.682,24.0793,26.1701,16.398,50.2494,27.7555,25.5027,53.2581,0.948,0,32.674,258.070231,0.01469,14.2949,0.004735,28.5838,22.354,27.717,22.195,11.152
2024-07-25,11:00:00,58.837,49.2419,41.7055,19.393,90.9474,28.5677,25.1342,53.7019,0.949,0,32.8782,258.068397,0.003335,14.0907,0.00534,46.639,22.906,27.344,22.736,12.011
2024-07-25,12:00:00,52.665,39.4307,50.8295,21.101,90.2602,29.4579,25.9905,55.4484,0.947,0,32.8782,258.0672,0.025522,13.8864,0.003477,54.7835,23.528,27.256,23.318,12.036
2024-07-25,13:00:01,50.083,49.205,46.9231,22.084,96.1281,29.7218,27.0066,56.7285,0.945,0,33.0824,258.06656,0.010999,13.8864,0.008156,51.854,23.869,27.145,23.679,11.747
2024-07-25,14:00:00,52.082,27.2727,29.8628,21.221,57.1355,29.8144,27.4698,57.2841,0.945,0,32.8782,258.065925,0.009555,14.0907,0.003198,32.5966,23.929,27.009,23.76,11.979
2024-07-25,15:00:00,60.115,19.6621,29.7578,19.203,49.4199,28.0504,27.7938,55.8442,0.946,0,33.2866,258.065251,0.021654,14.2949,0.003297,31.7304,23.859,27.495,23.679,12.052
2024-07-25,16:00:01,68.638,17.1591,29.3593,16.7,46.5184,28.6956,27.798,56.4936,0.945,0,33.2866,258.065313,0.008683,14.0907,0.003889,31.0814,23.598,27.612,23.429,11.28
2024-07-25,17:00:01,76.615,27.4861,27.3359,14.718,54.8219,29.2411,27.8907,57.1319,0.946,0,32.4698,258.063897,0.028512,14.0907,0.002519,30.0905,23.087,27.92,22.957,12.097
2024-07-25,18:00:00,81.666,6.11376,23.5103,13.691,29.6241,29.0999,27.7588,56.8586,0.949,0,33.0824,258.063932,0.009934,14.0907,0.002506,24.1265,22.595,28.33,22.465,11.62
2024-07-25,19:00:01,80.027,19.1079,28.7422,14.104,47.8501,28.4642,28.0177,56.4819,0.947,0,32.4698,258.062937,0.003938,13.478,0.003402,30.6591,22.244,28.335,22.124,12.061
2024-07-25,20:00:01,83.781,15.812,29.1104,13.087,44.9224,28.3218,28.301,56.6228,0.948,0,32.2656,258.062383,0.008766,13.6822,0.004698,30.6978,22.073,28.459,21.994,11.296
2024-07-25,21:00:00,83.728,14.136,26.5923,13.238,40.7283,27.9171,28.7305,56.6476,0.948,0,32.4698,258.061787,0.017851,14.0906,0.003282,28.0115,21.983,28.521,21.893,12.127
2024-07-25,22:00:00,83.453,15.6805,31.0458,13.208,46.7264,27.5285,28.1458,55.6743,0.948,0,32.4698,258.060873,0.009857,13.6822,0.003761,32.6204,21.943,28.517,21.853,12.201
2024-07-25,23:00:01,84.152,21.3347,26.4597,12.966,47.7944,27.5442,28.0386,55.5828,0.948,0,32.674,258.05935,0.006277,13.8864,0.004289,28.5989,21.933,28.447,21.843,11.594
2024-07-26,00:00:01,84.084,54.7143,30.3679,12.613,85.0822,28.8323,28.5339,57.3662,0.949,0,33.0824,258.059338,0.018166,13.8865,0.003686,35.8465,21.913,28.202,21.833,12.124
2024-07-26,01:00:00,84.265,7.95705,32.0766,12.543,40.0336,28.1243,28.9619,57.0862,0.948,0,33.0824,258.058248,0.021413,14.7033,0.003262,32.8788,21.903,28.166,21.833,12.048
2024-07-26,02:00:01,85.087,-3.89565,21.9598,12.311,18.0641,26.931,29.0675,55.9985,0.948,0,33.0824,258.056542,0.007506,14.4991,0.004665,21.5745,21.943,28.168,21.833,12.049
2024-07-26,03:00:01,84.642,30.9749,17.8503,11.273,48.8252,27.0156,28.9019,55.9175,0.945,0,32.4698,258.056718,0.003335,13.478,0.0027,20.9519,21.953,27.543,21.863,11.443
2024-07-26,04:00:00,84.907,12.4474,6.33817,11.283,18.7856,26.3848,28.3431,54.7279,0.944,0,32.8782,258.056625,0.01134,14.4991,0.00511,7.58443,21.862,27.361,21.783,11.895
2024-07-26,05:00:01,86.24,6.1793,11.0247,11.576,17.204,25.4005,27.82,53.2205,0.946,0,33.695,258.05563,0.002609,14.2949,0.003861,11.645,21.842,27.987,21.743,12.045
2024-07-26,06:00:01,85.927,18.8914,9.85095,11.697,28.7423,24.9363,27.2476,52.1839,0.947,0,33.2866,258.055003,0.003623,14.4991,0.002626,11.7424,21.822,27.88,21.753,12.045
2024-07-26,07:00:00,84.66,6.65652,17.3138,12.19,23.9704,23.8079,26.9959,50.8038,0.946,0,33.0824,258.054715,0.006239,14.2949,0.004221,17.9831,21.842,27.881,21.763,11.363
2024-07-26,08:00:00,78.597,21.2318,25.294,13.741,46.5257,22.5745,27.1069,49.6814,0.946,0,33.8993,258.053402,0.003429,14.0906,0.002777,27.4226,21.933,27.82,21.843,11.214
2024-07-26,09:00:01,72.563,21.2641,35.0022,15.231,56.2662,21.7559,27.2701,49.0261,0.947,0,33.2866,258.052113,0.003977,14.2949,0.002959,37.136,22.234,27.845,22.084,12.059
2024-07-26,10:00:01,58.831,7.38354,40.9391,18.529,48.3226,21.0603,27.8855,48.9458,0.947,0,33.4908,258.051109,0.003839,14.2949,0.004979,41.6857,22.766,27.332,22.596,12.005
2024-07-26,11:00:00,51.565,60.8683,47.4255,20.589,108.294,21.5447,28.1238,49.6686,0.946,0,33.695,258.050423,0.005643,14.2949,0.00344,53.523,23.398,26.683,23.208,11.955
2024-07-26,12:00:00,52.354,-0.01123,39.7709,21.02,39.7597,19.9013,27.6631,47.5644,0.945,0,33.4908,258.049717,0.009706,14.0907,0.002732,39.7777,23.889,27.041,23.679,11.976
2024-07-26,13:00:01,54.89,19.2168,27.7564,20.307,46.9732,18.6518,26.8644,45.5163,0.947,0,34.3077,258.049751,0.008309,14.7033,0.007672,29.684,24.01,27.016,23.84,12.02
2024-07-26,14:00:00,54.122,13.412,21.8837,20.689,35.2957,18.0743,26.532,44.6063,0.947,0,34.1035,258.048927,0.003266,14.9075,0.002657,23.2295,23.979,27.154,23.82,11.525
2024-07-26,15:00:00,59.139,31.2252,24.9949,19.323,56.2201,18.5561,26.3335,44.8896,0.945,0,33.8993,258.048313,0.003367,14.4991,0.002817,28.123,23.979,27.365,23.81,11.829
2024-07-26,16:00:01,63.478,16.4679,22.7802,17.866,39.2481,18.5273,26.0594,44.5867,0.945,0,33.8993,258.047845,0.003568,14.4991,0.003924,24.4318,23.739,27.344,23.569,11.59
2024-07-26,17:00:01,71.217,8.33461,22.9323,15.724,31.2669,17.7293,25.8759,43.6052,0.947,0,33.8993,258.047318,0.003258,14.7033,0.002958,23.7705,23.227,27.512,23.087,12.026
2024-07-26,18:00:00,79.291,28.5266,20.1625,13.479,48.6891,18.6632,25.7364,44.3996,0.946,0,33.0824,258.047413,0.003542,14.4991,0.002753,23.0198,22.665,27.778,22.546,12.079
2024-07-26,19:00:01,81.804,12.3384,15.2695,13.137,27.6079,18.3811,25.1751,43.5562,0.944,0,33.4908,258.046918,0.004535,14.4991,0.00286,16.5066,22.294,28.095,22.184,12.139
2024-07-26,20:00:01,81.238,23.9572,16.3765,13.268,40.3337,18.7205,24.6445,43.365,0.947,0,33.4908,258.045941,0.004837,14.4991,0.003714,18.776,22.073,28.146,21.974,12.131
2024-07-26,21:00:00,81.881,32.2553,19.2139,12.895,51.4692,19.4754,24.3371,43.8125,0.947,0,33.695,258.045628,0.003951,14.7033,0.003173,22.4439,22.023,28.107,21.924,12.052
2024-07-26,22:00:00,81.642,17.757,22.6265,13.036,40.3835,19.562,23.9862,43.5482,0.946,0,34.1035,258.045039,0.00459,14.7033,0.004055,24.4071,21.963,28.171,21.883,11.671
2024-07-26,23:00:01,83.477,16.9121,28.1988,12.684,45.111,19.3777,24.0587,43.4364,0.946,0,33.4908,258.043991,0.002953,14.7033,0.003287,29.896,21.963,28.171,21.863,12.05
2024-07-27,00:00:01,82.477,-4.91021,30.6413,12.553,25.731,16.8933,24.0701,40.9634,0.945,0,33.4908,258.043397,0.004166,14.0907,0.002559,30.1563,21.943,27.961,21.863,11.936
2024-07-27,01:00:00,83.198,26.7789,25.8354,12.291,52.6143,17.6776,23.8101,41.4876,0.946,0,33.8993,258.042711,0.002916,14.4991,0.002505,28.519,21.963,27.962,21.873,11.215
2024-07-27,02:00:01,84.59,18.6166,18.6206,11.666,37.2372,18.6156,23.6709,42.2865,0.945,0,33.8993,258.042438,0.003758,14.9075,0.003074,20.4864,21.953,27.821,21.863,12.012
2024-07-27,03:00:01,84.379,24.2077,15.7798,11.868,39.9875,18.3336,23.5846,41.9183,0.944,0,33.695,258.041814,0.002914,14.4991,0.002266,18.2042,21.923,27.853,21.853,12.011
2024-07-27,04:00:00,84.6,16.9244,16.363,11.787,33.2874,18.5202,24.0023,42.5225,0.944,0,33.8993,258.041332,0.002954,14.9075,0.002645,18.0591,21.923,27.819,21.833,12.048
2024-07-27,05:00:00,84.686,20.2584,14.2446,11.445,34.503,19.1068,24.1365,43.2433,0.946,0,34.3077,258.040671,0.011282,14.4991,0.003276,16.2737,21.882,27.537,21.793,11.895
2024-07-27,06:00:01,84.588,23.7172,14.2435,11.394,37.9607,19.3079,24.3195,43.6274,0.945,0,34.1035,258.039926,0.003526,14.2949,0.00206,16.6186,21.882,27.537,21.793,11.895
2024-07-27,07:00:01,84.891,27.5924,11.9933,11.223,39.5857,20.1802,24.0979,44.2781,0.946,0,33.8993,258.039304,0.003345,14.7033,0.003078,14.7555,21.852,27.464,21.763,11.818
2024-07-27,08:00:00,83.426,21.3841,15.1143,11.596,36.4984,20.1866,23.6737,43.8602,0.948,0,33.8993,258.038669,0.003558,14.7033,0.003062,17.2561,21.862,27.465,21.783,11.895
2024-07-27,09:00:00,82.288,22.1622,15.5564,11.888,37.7186,20.224,22.8635,43.0874,0.949,0,33.695,258.038065,0.003375,14.4991,0.003517,17.7762,21.903,27.399,21.813,11.896
2024-07-27,10:00:01,77.481,24.1377,20.582,13.248,44.7197,20.9221,22.0152,42.9373,0.947,0,33.695,258.03747,0.004256,14.4991,0.003484,23.0004,21.983,27.441,21.883,11.595
2024-07-27,11:00:00,65.745,17.0503,30.1292,16.197,47.1795,19.0963,21.2946,40.3909,0.945,0,33.6951,258.036864,0.002521,14.4991,0.002836,31.8406,22.274,27.326,22.134,11.91
2024-07-27,12:00:00,57.515,32.9601,33.1735,18.72,66.1336,20.4701,21.0197,41.4898,0.947,0,34.5119,258.035848,0.004179,15.1117,0.002666,36.4768,22.916,27.065,22.726,11.136
2024-07-27,13:00:01,55.805,37.0781,25.1166,19.253,62.1947,21.2143,20.9097,42.124,0.945,0,33.8993,258.035206,0.006394,14.9075,0.004689,28.8302,23.408,26.754,23.258,11.12
2024-07-27,14:00:01,54.129,23.4766,17.8772,19.775,41.3537,21.6337,20.7427,42.3764,0.945,0,34.7161,258.035026,0.004038,14.7033,0.00291,20.2289,23.679,26.778,23.539,11.398
2024-07-27,15:00:00,54.256,12.7699,16.2184,19.665,28.9883,20.8647,20.3771,41.2418,0.944,0,34.1035,258.035507,0.004763,15.5202,0.002751,17.4989,23.859,26.651,23.659,11.136
2024-07-27,16:00:01,61.376,4.92773,22.3526,18.057,27.2803,20.3839,20.3592,40.7431,0.945,0,34.7161,258.034587,0.00479,15.1117,0.002501,22.8499,23.759,26.995,23.569,11.971
2024-07-27,17:00:01,70.882,5.5742,23.2059,15.231,28.7801,20.2689,20.3706,40.6395,0.946,0,34.3077,258.034458,0.003587,14.7033,0.003362,23.7681,23.287,27.166,23.158,12.105
2024-07-27,18:00:00,78.714,9.5444,19.1762,13.036,28.7206,19.4779,20.3295,39.8075,0.945,0,34.1035,258.033576,0.013732,14.4991,0.00314,20.1346,22.685,27.325,22.556,11.928
2024-07-27,19:00:00,80.505,5.81259,15.3157,12.714,21.1283,19.206,20.3315,39.5375,0.945,0,34.3077,258.033465,0.007525,14.7033,0.002907,15.9001,22.274,27.64,22.174,11.684
2024-07-27,20:00:01,81.064,24.7817,16.8628,12.553,41.6445,19.2404,20.3517,39.5921,0.946,0,34.3077,258.032725,0.009534,14.7033,0.002955,19.3449,22.093,27.695,22.004,11.98
2024-07-27,21:00:01,81.51,20.752,17.0984,12.503,37.8505,18.7611,20.2636,39.0247,0.945,0,33.8993,258.032233,0.003156,14.9075,0.003223,19.1775,22.033,27.759,21.944,11.977
2024-07-27,22:00:00,82.188,20.6209,16.7988,12.291,37.4197,18.8804,20.0208,38.9012,0.946,0,34.3077,258.031505,0.002537,14.9075,0.004208,18.8647,22.043,27.69,21.974,11.979
2024-07-27,23:00:01,80.713,10.5569,20.1635,12.432,30.7204,18.6156,19.686,38.3016,0.945,0,33.8993,258.031109,0.005497,15.1117,0.003006,21.2234,21.963,27.648,21.883,11.519
2024-07-28,00:00:01,81.911,16.0731,17.3655,12.1,33.4386,19.4899,19.1328,38.6227,0.944,0,34.1035,258.030832,0.009443,14.0907,0.003746,18.9766,21.963,27.614,21.863,11.936
2024-07-28,01:00:00,82.213,21.9818,12.763,12.029,34.7448,19.29,18.5881,37.8782,0.945,0,34.1035,258.03042,0.017099,14.9075,0.003086,14.9642,21.933,27.611,21.843,12.011
2024-07-28,02:00:00,83.109,30.3103,8.88964,11.586,39.1999,19.7773,18.1827,37.9599,0.944,0,34.5119,258.029631,0.003678,14.4991,0.002848,11.9231,21.903,27.469,21.833,11.593
2024-07-28,03:00:01,82.958,16.4474,10.6803,11.606,27.1277,19.4539,17.9702,37.4241,0.942,0,34.3077,258.029346,0.005682,14.4991,0.003717,12.3275,21.893,27.468,21.823,11.593
2024-07-28,04:00:01,80.661,18.0561,11.6147,11.566,29.6708,19.5011,17.7723,37.2734,0.943,0,34.7161,258.028188,0.002845,15.1117,0.00317,13.423,21.862,26.906,21.793,11.819
2024-07-28,05:00:00,81.198,-9.19444,14.5673,11.424,5.37286,18.2739,17.7858,36.0597,0.945,0,34.3077,258.028431,0.003893,14.9075,0.003667,13.6506,21.822,27.078,21.743,11.058
2024-07-28,06:00:01,81.634,13.7851,7.65957,11.263,21.4447,17.86,17.5115,35.3715,0.944,0,34.5119,258.027531,0.003825,15.1117,0.004294,9.03989,21.802,27.006,21.733,11.817
2024-07-28,07:00:01,81.888,9.91566,6.88616,11.193,16.8018,17.1235,17.2987,34.4222,0.945,0,34.1035,258.027852,0.00324,14.9075,0.00493,7.8793,21.782,27.004,21.703,11.436
2024-07-28,08:00:00,76.712,11.3702,7.41439,12.845,18.7846,16.7063,16.9778,33.6841,0.945,0,34.5119,258.027658,0.003413,14.9075,0.004593,8.55313,21.842,27.184,21.753,11.59
2024-07-28,09:00:01,66.433,13.2117,13.4165,15.201,26.6282,16.3333,16.8887,33.222,0.946,0,34.3077,258.027217,0.003498,14.7033,0.003133,14.7406,22.184,26.933,22.034,11.07
2024-07-28,10:00:01,62.046,24.4206,11.8583,16.991,36.2789,16.3451,16.5252,32.8703,0.944,0,34.3077,258.02713,0.008729,14.7033,0.0053,14.3032,22.705,26.942,22.556,11.928
2024-07-28,11:00:00,55.11,19.7263,13.7564,18.76,33.4827,16.4566,15.843,32.2996,0.944,0,34.7161,258.026993,0.004098,15.1117,0.002954,15.7322,23.237,26.389,23.087,11.417
2024-07-28,12:00:00,52.55,50.8388,13.5835,19.976,64.4223,17.2016,15.0267,32.2283,0.945,0,34.7161,258.026324,0.005941,14.9075,0.002996,18.6711,23.699,26.497,23.529,11.588
2024-07-28,13:00:01,51.877,19.126,16.3757,20.277,35.5017,16.4536,14.6625,31.1161,0.943,0,35.1245,258.025399,0.007925,15.1117,0.004116,18.2919,23.929,26.445,23.77,11.979
2024-07-28,14:00:00,56.504,-2.57424,22.8091,19.253,20.2349,15.3681,14.868,30.2361,0.944,0,34.9203,258.025461,0.003143,15.3159,0.004366,22.5562,23.989,26.662,23.84,11.906
2024-07-28,15:00:00,61.191,5.95909,24.9146,17.806,30.8737,15.0843,15.2304,30.3147,0.943,0,34.5119,258.025786,0.003561,14.7033,0.004339,25.5157,23.909,26.796,23.749,11.636
2024-07-28,16:00:01,62.482,6.40757,18.351,17.253,24.7586,15.146,15.0636,30.2096,0.944,0,34.3077,258.024824,0.003363,14.9075,0.004071,18.9956,23.628,26.843,23.469,11.89
2024-07-28,17:00:00,69.046,16.3092,14.6859,15.231,30.9952,15.5933,14.7086,30.3019,0.943,0,34.1035,258.025043,0.01563,14.7033,0.0041,16.3201,23.157,27.015,23.017,11.643
2024-07-28,18:00:00,76.464,8.68846,12.8295,13.318,21.518,15.5576,14.4442,30.0018,0.945,0,34.7161,258.024618,0.01079,14.4991,0.004572,13.7011,22.615,27.249,22.506,12.001
2024-07-28,19:00:01,77.818,15.0222,9.88158,13.056,24.9038,15.9413,14.2178,30.1591,0.945,0,34.5119,258.024085,0.01096,14.7033,0.002254,11.3861,22.244,27.498,22.144,11.986
2024-07-28,20:00:00,79.473,4.92938,13.2103,12.674,18.1397,15.1142,14.0656,29.1798,0.946,0,34.1035,258.023577,0.003723,15.1117,0.003352,13.706,22.073,27.623,21.984,11.979
2024-07-28,21:00:00,79.449,4.46759,12.2662,12.674,16.7337,14.4357,13.8642,28.2999,0.945,0,34.3077,258.023199,0.009915,14.7033,0.005329,12.7155,21.963,27.683,21.914,11.673
2024-07-28,22:00:01,79.381,6.73713,11.7825,11.807,18.5196,13.8572,13.6552,27.5124,0.946,0,34.3077,258.022803,0.002518,14.7033,0.003574,12.4587,21.903,26.979,21.833,11.366
2024-07-28,23:00:01,80.756,55.4566,3.3374,11.858,58.794,15.728,12.9541,28.6821,0.946,0,34.5119,258.022997,0.044857,14.7033,0.002446,8.88483,21.862,27.465,21.803,11.668
2024-07-29,00:00:00,82.137,39.4319,2.13904,12.009,41.5709,16.7013,12.3197,29.021,0.946,0,34.5119,258.022959,0.01167,14.9075,0.003864,6.08345,21.842,27.603,21.783,11.971
2024-07-29,01:00:00,82.077,43.9925,-0.118473,11.676,43.874,17.6184,11.783,29.4013,0.946,0,34.5119,258.022923,0.028628,15.1117,0.004188,4.28163,21.842,27.394,21.773,11.97
2024-07-29,02:00:01,82.501,-4.10161,3.77159,11.394,-0.330028,16.1845,11.5697,27.7543,0.944,0,34.5119,258.022903,0.032221,15.3159,0.00522,3.3621,21.852,27.464,21.773,11.97
2024-07-29,03:00:00,83.774,6.20329,2.63888,10.719,8.84217,15.7577,11.2347,26.9924,0.943,0,34.5119,258.022913,0.003886,14.9075,0.002707,3.25986,21.802,27.041,21.743,11.779
2024-07-29,04:00:00,85.953,14.2159,3.43785,9.69,17.6538,15.5977,10.894,26.4917,0.944,0,34.7161,258.022722,0.013509,15.1117,0.002834,4.86042,21.732,26.545,21.673,11.663
2024-07-29,05:00:01,81.659,-13.6668,11.6415,10.548,-2.02527,15.4114,10.772,26.1834,0.943,0,34.5119,258.021757,0.038967,14.7033,0.002644,10.2769,21.642,26.572,21.592,10.976
2024-07-29,06:00:01,79.713,7.12971,18.7726,9.842,25.9023,15.134,11.2351,26.3691,0.944,0,34.7161,258.021186,0.004419,14.7033,0.003878,19.4895,21.652,25.766,21.572,11.507
2024-07-29,07:00:00,80.412,23.0323,28.3984,10.83,51.4307,15.6806,12.1314,27.812,0.944,0,34.5119,258.020181,0.004602,15.1117,0.003549,30.7078,21.642,26.398,21.592,11.204
2024-07-29,08:00:00,72.575,7.90404,14.3634,14.003,22.2675,15.5361,12.421,27.9571,0.944,0,34.3077,258.019541,0.042342,15.1117,0.002314,15.1569,21.822,27.392,21.703,11.132
2024-07-29,09:00:01,71.088,2.57322,14.3613,14.889,16.9346,15.0929,12.4603,27.5532,0.945,0,34.5119,258.01959,0.024035,14.9075,0.004659,14.6216,22.143,27.419,21.984,11.903
2024-07-29,10:00:00,65.134,3.80548,10.059,16.237,13.8644,14.2339,12.3854,26.6193,0.946,0,34.7161,258.019245,0.007459,15.3159,0.005165,10.4416,22.645,27.252,22.455,11.923
2024-07-29,11:00:00,62.864,16.4999,16.6668,17.082,33.1667,14.0995,12.5066,26.6061,0.944,0,34.7161,258.01893,0.003238,14.9075,0.00352,18.3204,23.067,27.042,22.897,11.638
2024-07-29,12:00:01,56.559,20.9352,18.246,18.881,39.1812,12.8535,12.7009,25.5544,0.943,0,34.5119,258.018463,0.002752,15.1117,0.003299,20.3436,23.448,26.863,23.258,11.653
2024-07-29,13:00:01,52.312,20.5492,19.1001,20.177,39.6493,12.9128,12.8144,25.7272,0.943,0,34.9203,258.01706,0.003082,15.1117,0.002295,21.1592,23.729,26.499,23.549,11.818
2024-07-29,14:00:00,51.237,16.8078,21.615,20.629,38.4228,13.7204,12.7647,26.4851,0.943,0,34.9203,258.017255,0.003074,15.3159,0.003042,23.3004,23.899,26.513,23.76,11.903
2024-07-29,15:00:01,50,10.2148,23.9109,20.89,34.1257,13.8977,12.7228,26.6206,0.942,0,34.9203,258.01684,0.00348,15.1117,0.002885,24.9373,24.03,26.454,23.84,11.982
2024-07-29,16:00:01,56.344,20.9238,26.795,19.514,47.7188,14.5026,13.0747,27.5772,0.942,0,35.1245,258.016263,0.005489,15.3159,0.004455,28.8932,23.989,27.014,23.83,11.601
2024-07-29,17:00:00,63.703,8.15919,28.4987,17.313,36.6579,14.163,13.6502,27.8132,0.941,0,34.7161,258.015765,0.003617,15.1117,0.003428,29.3204,23.608,27.193,23.449,12.118
2024-07-29,18:00:00,72.221,22.5667,21.6861,15.05,44.2528,14.7412,14.0192,28.7605,0.943,0,34.3077,258.015841,0.012102,16.337,0.003523,23.9475,23.006,27.528,22.887,11.257
2024-07-29,19:00:01,79.392,14.8326,19.464,13.117,34.2967,14.7333,14.4185,29.1518,0.944,0,34.7161,258.014387,0.004354,14.9075,0.002892,20.9515,22.475,27.762,22.375,12.11
2024-07-29,20:00:00,83.075,6.47825,15.1534,12.513,21.6317,14.7979,14.4995,29.2973,0.946,0,34.7161,258.014039,0.005987,15.1117,0.003374,15.8044,22.164,28.119,22.074,11.337
2024-07-29,21:00:00,83.919,13.0384,14.7468,12.231,27.7852,15.155,14.6028,29.7578,0.947,0,34.5119,258.012374,0.003674,14.7033,0.002614,16.0538,22.053,28.179,21.974,12.206
2024-07-29,22:00:01,85.506,14.5747,10.8573,11.908,25.432,15.4816,14.5643,30.0458,0.946,0,35.1245,258.011987,0.003241,15.3159,0.004308,12.3173,22.003,28.175,21.903,12.127
2024-07-29,23:00:01,80.765,36.1214,10.2565,12.271,46.3779,14.6759,14.8526,29.5285,0.946,0,35.1245,258.011656,0.003693,15.3159,0.003488,13.8714,21.943,27.613,21.863,12.012
2024-07-30,00:00:00,83.354,11.9494,6.88679,11.586,18.8362,13.5308,15.0504,28.5812,0.944,0,34.5119,258.011914,0.027926,15.1117,0.003924,8.08335,21.943,27.682,21.853,12.011
2024-07-30,01:00:01,84.373,10.464,8.58507,11.676,19.049,12.1338,15.413,27.5468,0.944,0,35.1245,258.011369,0.009514,15.3159,0.00398,9.6334,21.862,27.814,21.793,12.047
2024-07-30,02:00:01,85.169,19.1013,11.3378,11.122,30.4391,13.1006,15.7283,28.8289,0.945,0,34.9203,258.010499,0.011398,14.9075,0.003281,13.2506,21.842,27.708,21.773,12.046
2024-07-30,03:00:00,86.323,31.3443,7.87759,10.598,39.2219,14.1481,15.9466,30.0947,0.944,0,35.3287,258.00985,0.002588,15.1117,0.005685,11.0142,21.802,27.565,21.733,11.513
2024-07-30,04:00:00,86.951,18.47,8.16686,10.719,26.6369,14.3254,16.1436,30.469,0.944,0,35.3287,258.009384,0.00716,15.1117,0.002363,10.0159,21.762,27.596,21.713,11.968
2024-07-30,05:00:01,84.998,21.0461,9.94235,11.132,30.9884,15.7718,16.0728,31.8446,0.944,0,34.9203,258.008514,0.002702,15.1117,0.00277,12.0494,21.762,27.457,21.693,11.512
2024-07-30,06:00:00,85.372,17.2008,10.1817,10.739,27.3825,16.1914,15.7149,31.9062,0.945,0,35.1245,258.00791,0.00333,15.5201,0.002569,11.9042,21.782,27.389,21.703,11.967
2024-07-30,07:00:00,81.572,17.2618,12.0883,10.739,29.35,15.9509,15.0353,30.9862,0.946,0,34.9203,258.007472,0.003249,15.1117,0.002731,13.8172,21.782,26.479,21.713,11.664
2024-07-30,08:00:01,80.094,18.0812,17.9895,11.596,36.0708,16.375,15.1864,31.5614,0.946,0,35.533,258.007568,0.012525,15.3159,0.004722,19.8016,21.802,26.971,21.723,11.437
2024-07-30,09:00:00,70.529,41.0236,25.8085,14.526,66.832,17.9771,15.6633,33.6404,0.946,0,35.1245,258.006874,0.005838,14.9075,0.003173,29.9168,21.963,26.949,21.853,11.898
2024-07-30,10:00:00,62.453,17.3133,23.308,16.499,40.6213,18.5399,16.2154,34.7553,0.945,0,35.1245,258.005546,0.013593,15.5201,0.007384,25.0443,22.485,26.748,22.315,11.614
2024-07-30,11:00:01,49.339,3.98043,41.3242,20.117,45.3047,18.0183,17.2428,35.261,0.945,0,35.533,258.004665,0.009043,15.7244,0.004346,41.7306,23.137,25.992,22.967,11.336
2024-07-30,12:00:00,44.033,10.8869,40.3976,21.502,51.2845,17.5996,18.1657,35.7653,0.944,0,35.533,258.004225,0.006698,15.1117,0.003077,41.4946,23.789,25.196,23.599,11.591
2024-07-30,13:00:00,41.71,23.281,34.5777,22.265,57.8587,17.7134,18.8106,36.5241,0.942,0,35.533,258.002946,0.002883,15.3159,0.003393,36.9132,24.16,24.906,23.96,11.683
2024-07-30,14:00:01,45.524,18.2401,28.4572,21.813,46.6974,17.7731,19.0957,36.8688,0.943,0,35.533,258.003407,0.005356,15.5201,0.002843,30.2873,24.26,25.766,24.1,11.917
2024-07-30,15:00:01,57.208,-1.32353,32.9929,19.835,31.6693,17.2923,19.4742,36.7665,0.943,0,35.3287,258.002759,0.004785,15.1117,0.003396,32.8671,24.16,27.239,23.98,12.217
2024-07-30,16:00:00,66.26,8.11445,30.8103,17.323,38.9247,16.7586,19.6415,36.4001,0.944,0,35.3287,258.0022,0.003424,15.3159,0.003521,31.628,23.809,27.771,23.639,11.364
2024-07-30,17:00:00,74.608,12.1445,19.8601,14.959,32.0046,16.9247,19.2815,36.2062,0.945,0,35.3287,258.001937,0.007306,15.3159,0.005032,21.0787,23.247,27.863,23.108,11.799
2024-07-30,18:00:01,77.882,18.4803,19.8699,14.144,38.3502,16.7544,19.2059,35.9602,0.943,0,35.1245,258.000898,0.005452,15.1117,0.00221,21.7223,22.685,28.129,22.566,11.852
2024-07-30,19:00:01,78.749,6.79611,22.3711,13.882,29.1673,16.4195,19.327,35.7465,0.943,0,34.9203,258.0005,0.003757,15.1117,0.004433,23.0554,22.334,28.273,22.215,12.141
2024-07-30,20:00:00,80.474,61.051,15.9365,13.338,76.9876,18.6934,19.3596,38.053,0.945,0,35.533,258.000347,0.004421,15.3159,0.003347,22.046,22.123,28.325,22.034,12.284
2024-07-30,21:00:01,81.752,21.9473,17.3794,12.926,39.3267,19.0646,19.4693,38.5339,0.943,0,35.533,258.000055,0.015506,15.9286,0.004953,19.578,22.053,28.179,21.974,12.206
2024-07-30,22:00:01,82.339,-14.1854,20.3442,12.815,6.15877,17.8663,19.8646,37.7309,0.945,0,35.1245,257.999408,0.02811,15.5202,0.003013,18.9294,21.983,28.243,21.903,12.127
2024-07-30,23:00:00,78.232,16.0798,31.7014,11.898,47.7812,17.0312,20.7581,37.7893,0.945,0,35.3287,257.998593,0.00284,15.3159,0.003609,33.3161,21.903,26.979,21.833,11.897
2024-07-31,00:00:00,78.049,1.68737,44.6476,12.422,46.335,16.6036,22.3315,38.9351,0.941,0,34.9203,257.997824,0.039497,14.7033,0.003098,44.8253,21.852,27.15,21.783,11.857
2024-07-31,01:00:01,83.381,-5.0506,36.1248,11.868,31.0742,15.9572,23.479,39.4362,0.943,0,35.3287,257.997676,0.003075,15.5201,0.005772,35.6269,21.852,27.918,21.753,11.969
2024-07-31,02:00:00,76.277,22.2064,24.4905,12.19,46.6969,16.0865,24.027,40.1136,0.943,0,35.3287,257.996791,0.005608,15.5201,0.003411,26.7165,21.812,26.762,21.733,11.361
2024-07-31,03:00:00,65.04,9.50644,25.4282,13.248,34.9346,15.1766,24.7583,39.9349,0.943,0,35.9414,257.996617,0.003873,15.5201,0.003239,26.3841,21.762,25.387,21.693,11.208
2024-07-31,04:00:01,81.353,1.38383,24.2842,11.868,25.6681,14.4647,25.4298,39.8946,0.942,0,35.533,257.995714,0.006133,15.3159,0.002388,24.4275,21.802,27.6,21.733,11.968
2024-07-31,05:00:00,86.417,55.4879,10.4286,11.112,65.9165,15.8998,25.4501,41.3499,0.942,0,35.7372,257.995197,0.00322,15.9286,0.003132,15.9806,21.812,28.123,21.723,12.082
2024-07-31,06:00:00,87.772,1.79415,6.46122,10.638,8.25537,15.2578,25.2951,40.5529,0.945,0,35.1245,257.995383,0.003848,15.3159,0.002468,6.64196,21.792,28.017,21.713,12.119
2024-07-31,07:00:01,83.088,23.5497,18.6141,11.787,42.1638,15.5198,25.567,41.0868,0.944,0,35.9414,257.994152,0.002837,15.3159,0.003101,20.9733,21.792,27.215,21.723,11.892
2024-07-31,08:00:01,82.374,39.0127,23.8318,12.231,62.8445,16.392,25.8104,42.2024,0.945,0,35.533,257.992982,0.026994,15.1117,0.004138,27.7386,22.003,27.826,21.883,11.975
2024-07-31,09:00:00,82.782,24.3726,18.1896,12.331,42.5622,15.6982,25.493,41.1912,0.946,0,35.533,257.992439,0.02442,15.7244,0.00363,20.631,22.063,27.693,21.974,12.055
2024-07-31,10:00:01,62.219,28.8517,45.1461,17.464,73.9978,16.179,26.4029,42.5819,0.944,0,35.9414,257.991557,0.004118,15.1117,0.004141,48.0409,22.465,27.691,22.305,12.069
2024-07-31,11:00:01,56.858,23.8151,45.0825,19.283,68.8976,17.0054,26.5595,43.5649,0.945,0,35.7372,257.990528,0.003455,15.9286,0.003289,47.4735,23.107,27.396,22.927,12.095
2024-07-31,12:00:00,49.942,24.9712,33.1756,21.512,58.1468,17.5923,26.2586,43.8508,0.944,0,36.3498,257.989938,0.003587,15.7244,0.004583,35.6799,23.628,27.124,23.429,12.193
2024-07-31,13:00:00,47.906,26.2754,36.152,21.904,62.4274,17.717,26.3242,44.0412,0.944,0,36.1456,257.989047,0.003837,15.9286,0.0032,38.7873,23.889,26.689,23.699,11.214
2024-07-31,14:00:01,58.266,20.6136,38.1382,19.414,58.7517,17.8159,26.7275,44.5435,0.944,0,36.3498,257.98794,0.004169,15.9286,0.005173,40.2076,23.949,27.433,23.8,12.133
2024-07-31,15:00:00,63.732,14.1389,58.3834,18.047,72.5223,18.4602,27.7855,46.2457,0.945,0,36.3498,257.988044,0.003724,15.7244,0.004439,59.8092,23.809,27.631,23.629,12.278
2024-07-31,16:00:00,68.862,12.9152,26.1063,16.639,39.0215,18.6602,27.5895,46.2497,0.946,0,35.533,257.987313,0.00466,15.5202,0.004689,27.4033,23.287,27.937,23.108,12.331
2024-07-31,17:00:01,73.816,16.6529,23.1423,15.211,39.7952,18.8481,27.7262,46.5743,0.944,0,35.9414,257.986994,0.004601,16.1328,0.003272,24.8125,22.816,28.106,22.676,12.312
2024-07-31,18:00:00,77.852,8.94995,21.9614,14.325,30.9114,18.451,27.8134,46.2644,0.945,0,35.7372,257.985833,0.008863,15.9286,0.002657,22.861,22.404,28.349,22.285,12.295
2024-07-31,19:00:00,79.354,4.94184,20.3884,13.943,25.3302,18.3737,27.7308,46.1045,0.946,0,35.9414,257.985302,0.00278,15.7244,0.004361,20.8867,22.153,28.466,22.024,11.715
2024-07-31,20:00:01,81.144,19.3079,23.0372,13.429,42.3451,16.6344,28.0266,44.661,0.946,0,35.533,257.984584,0.0043,15.1117,0.003661,24.973,22.033,28.594,21.924,11.445
2024-07-31,21:00:01,82.278,16.3813,17.3024,13.298,33.6838,16.4025,28.0234,44.4259,0.947,0,35.9414,257.983932,0.002328,15.7244,0.00366,18.9444,21.983,28.59,21.883,12.202
2024-07-31,22:00:00,81.147,18.5791,18.7396,13.641,37.3187,17.7677,27.9566,45.7242,0.947,0,36.1456,257.983262,0.002713,16.1328,0.003815,20.6016,21.953,28.622,21.853,12.277
2024-07-31,23:00:01,81.424,22.3855,21.0396,12.895,43.4251,18.0304,27.5123,45.5427,0.947,0,36.554,257.982678,0.001907,15.9286,0.004347,23.2828,21.933,28.133,21.843,12.125
2024-08-01,00:00:01,81.491,27.6579,26.6394,12.795,54.2973,19.1125,26.762,45.8745,0.946,0,36.3498,257.981701,0.005035,16.1328,0.004027,29.4111,21.882,28.095,21.783,12.198
2024-08-01,01:00:00,83.608,25.3282,20.1112,12.583,45.4393,20.3783,26.0947,46.473,0.945,0,36.3498,257.981456,0.003905,15.5202,0.002819,22.6485,21.882,28.443,21.803,12.199
2024-08-01,02:00:00,84.312,19.5217,20.281,11.525,39.8027,20.2664,25.9193,46.1858,0.942,0,36.9624,257.981164,0.004067,15.7244,0.005468,22.2376,21.882,27.816,21.803,11.288
2024-08-01,03:00:01,81.381,27.1682,14.9223,11.807,42.0905,21.0024,25.4816,46.484,0.942,0,36.3498,257.979887,0.003627,15.3159,0.003187,17.6426,21.782,27.249,21.713,11.892
2024-08-01,04:00:00,83.084,32.3256,19.2758,11.576,51.6013,22.2916,25.2729,47.5645,0.944,0,36.3498,257.979825,0.049262,15.7244,0.003033,22.5128,21.722,27.663,21.663,11.965
2024-08-01,05:00:00,62.97,33.4328,24.9994,12.956,58.4322,21.3726,25.88,47.2527,0.943,0,35.3287,257.979022,0.021879,15.3159,0.004499,28.3483,21.662,24.673,21.602,10.748
2024-08-01,06:00:01,85.731,8.9794,32.9931,11.445,41.9725,21.672,26.9855,48.6575,0.944,0,36.3498,257.976435,0.041949,15.3159,0.003348,33.8978,21.712,28.184,21.632,12.116
2024-08-01,07:00:01,87.327,6.96839,17.8111,11.485,24.7795,20.9811,26.9521,47.9332,0.945,0,36.3498,257.976265,0.004948,15.3159,0.004724,18.5117,21.782,28.434,21.703,12.194
2024-08-01,08:00:00,87.386,18.7206,11.8819,11.707,30.6025,20.1356,26.4541,46.5898,0.946,0,36.3498,257.975635,0.004406,15.9286,0.005012,13.7567,21.802,28.436,21.743,12.272
2024-08-01,09:00:01,84.788,22.398,21.4223,12.855,43.8203,20.0534,26.5888,46.6422,0.947,0,36.554,257.974626,0.004654,15.9286,0.010077,23.6668,21.852,28.267,21.723,11.589
